species,temp,injurylevel,recov,metabolites,conc.mean,conc.se,fold_change.mean,fold_change.se,log_foldchange.mean,TRT,group,metabolites_ordered,treatment
MD,20,C,R,Lactic_acid,2.522936447,0.696421739,1,0.27603618,-0.362564102,MDCR,Organic acids,Lactic_acid,C R
MD,20,C,R,Alanine,7.831451811,1.223313257,1,0.156205169,-0.093686594,MDCR,Amino acids,Alanine,C R
MD,20,C,R,Valine,3.448271289,0.234374483,1,0.06796869,-0.016507112,MDCR,Amino acids,Valine,C R
MD,20,C,R,Leucine,1.490976767,0.154489372,1,0.103616217,-0.042627035,MDCR,Amino acids,Leucine,C R
MD,20,C,R,Phosphoric_acid,11.66818845,1.138436881,1,0.097567578,-0.033572168,MDCR,Phosphorylated compounds,Phosphoric_acid,C R
MD,20,C,R,Glycerol,0.710995475,0.072537498,1,0.102022447,-0.038803845,MDCR,Polyols,Glycerol,C R
MD,20,C,R,Isoleucine,2.504904384,0.107127631,1,0.042767154,-0.006524882,MDCR,Amino acids,Isoleucine,C R
MD,20,C,R,Proline,5.387111193,0.377720077,1,0.070115515,-0.017200981,MDCR,Amino acids,Proline,C R
MD,20,C,R,Glycine,1.187033996,0.177275632,1,0.149343349,-0.079951707,MDCR,Amino acids,Glycine,C R
MD,20,C,R,Succinic_acid,0.838455436,0.128377626,1,0.153112044,-0.100389162,MDCR,TCA intermediates,Succinic_acid,C R
MD,20,C,R,Fumaric_acid,0.612888344,0.143191517,1,0.233633937,-0.189153462,MDCR,TCA intermediates,Fumaric_acid,C R
MD,20,C,R,Pipecolic_acid,0.260824641,0.037726902,1,0.144644702,-0.090830203,MDCR,Amino acids,Pipecolic_acid,C R
MD,20,C,R,Serine,1.998938008,0.239917282,1,0.120022372,-0.052878589,MDCR,Amino acids,Serine,C R
MD,20,C,R,Threonine,2.469811976,0.244138861,1,0.098849169,-0.036175192,MDCR,Amino acids,Threonine,C R
MD,20,C,R,Malic_acid,1.631151399,0.170803328,1,0.10471335,-0.036081514,MDCR,TCA intermediates,Malic_acid,C R
MD,20,C,R,Methionine,1.003934807,0.144563305,1,0.143996706,-0.089398592,MDCR,Amino acids,Methionine,C R
MD,20,C,R,Aspartate,0.649840004,0.117435021,1,0.180713745,-0.114566936,MDCR,Amino acids,Aspartate,C R
MD,20,C,R,GABA,1.555704815,0.161576661,1,0.103860745,-0.036888655,MDCR,Amino acids,GABA,C R
MD,20,C,R,Glutamate,6.254567887,0.524603737,1,0.083875297,-0.025999989,MDCR,Amino acids,Glutamate,C R
MD,20,C,R,Phenylalanine,1.807051134,0.084406831,1,0.046709708,-0.008175043,MDCR,Amino acids,Phenylalanine,C R
MD,20,C,R,Asparagine,9.275312985,1.254229773,1,0.135222367,-0.056728411,MDCR,Amino acids,Asparagine,C R
MD,20,C,R,Putrescine,0.940517776,0.110460374,1,0.117446344,-0.053993496,MDCR,Amines,Putrescine,C R
MD,20,C,R,Ornithine,1.057990678,0.129417491,1,0.122323848,-0.062590229,MDCR,Amino acids,Ornithine,C R
MD,20,C,R,Citric_acid,1.37416644,0.080002287,1,0.058218775,-0.013829477,MDCR,TCA intermediates,Citric_acid,C R
MD,20,C,R,Fructose,1.910291129,0.067833785,1,0.035509658,-0.004506497,MDCR,Carbohydrates,Fructose,C R
MD,20,C,R,Glucose,57.15472776,9.339520907,1,0.16340767,-0.122207945,MDCR,Carbohydrates,Glucose,C R
MD,20,C,R,Lysine,7.438402692,0.771307661,1,0.103692646,-0.043035561,MDCR,Amino acids,Lysine,C R
MD,20,C,R,Tyrosine,8.468395724,2.132027086,1,0.251762808,-0.220404746,MDCR,Amino acids,Tyrosine,C R
MD,20,C,R,Mannitol,2.947261319,0.313489058,1,0.106366224,-0.044788024,MDCR,Polyols,Mannitol,C R
MD,20,C,R,Inositol,0.499272143,0.107167583,1,0.214647632,-0.262333313,MDCR,Polyols,Inositol,C R
MD,20,C,R,Sucrose,0.891277952,0.047906638,1,0.053750502,-0.009589697,MDCR,Carbohydrates,Sucrose,C R
MD,20,C,R,Trehalose,21.18795262,2.359838949,1,0.11137645,-0.048234894,MDCR,Carbohydrates,Trehalose,C R
MD,34,01-Feb,D,Lactic_acid,3.337637244,0.531261342,1.322917685,0.210572622,0.266702229,MD1/2D,Organic acids,Lactic_acid,1/2 D
MD,34,01-Feb,D,Alanine,11.14282878,0.923025431,1.422830536,0.117861343,0.475198884,MD1/2D,Amino acids,Alanine,1/2 D
MD,34,01-Feb,D,Valine,2.85534071,0.183441065,0.828049904,0.053197979,-0.292747145,MD1/2D,Amino acids,Valine,1/2 D
MD,34,01-Feb,D,Leucine,1.361267425,0.093833422,0.91300378,0.062934195,-0.154015818,MD1/2D,Amino acids,Leucine,1/2 D
MD,34,01-Feb,D,Phosphoric_acid,11.98512345,1.176706015,1.027162314,0.100847361,-0.017662107,MD1/2D,Phosphorylated compounds,Phosphoric_acid,1/2 D
MD,34,01-Feb,D,Glycerol,0.466226063,0.039199554,0.655737033,0.055133339,-0.643024897,MD1/2D,Polyols,Glycerol,1/2 D
MD,34,01-Feb,D,Isoleucine,1.590794944,0.055281187,0.635072123,0.02206918,-0.661164694,MD1/2D,Amino acids,Isoleucine,1/2 D
MD,34,01-Feb,D,Proline,4.883174356,0.385186195,0.906455089,0.071501438,-0.173384939,MD1/2D,Amino acids,Proline,1/2 D
MD,34,01-Feb,D,Glycine,2.167034267,0.111940021,1.825587367,0.094302288,0.854539366,MD1/2D,Amino acids,Glycine,1/2 D
MD,34,01-Feb,D,Succinic_acid,1.076397123,0.139446721,1.283785729,0.166313813,0.275778277,MD1/2D,TCA intermediates,Succinic_acid,1/2 D
MD,34,01-Feb,D,Fumaric_acid,0.753270423,0.163094899,1.229050005,0.266108665,-0.025015493,MD1/2D,TCA intermediates,Fumaric_acid,1/2 D
MD,34,01-Feb,D,Pipecolic_acid,0.509366235,0.054055196,1.95290688,0.207247274,0.910494974,MD1/2D,Amino acids,Pipecolic_acid,1/2 D
MD,34,01-Feb,D,Serine,2.156437213,0.116336058,1.078791441,0.058198932,0.093596416,MD1/2D,Amino acids,Serine,1/2 D
MD,34,01-Feb,D,Threonine,2.553474502,0.139190395,1.033874047,0.056356677,0.032291917,MD1/2D,Amino acids,Threonine,1/2 D
MD,34,01-Feb,D,Malic_acid,2.403805318,0.159938275,1.473686207,0.098052379,0.535882111,MD1/2D,TCA intermediates,Malic_acid,1/2 D
MD,34,01-Feb,D,Methionine,1.004442623,0.138210991,1.000505826,0.137669289,-0.148829646,MD1/2D,Amino acids,Methionine,1/2 D
MD,34,01-Feb,D,Aspartate,0.589908849,0.082608227,0.907775522,0.12712087,-0.296985428,MD1/2D,Amino acids,Aspartate,1/2 D
MD,34,01-Feb,D,GABA,2.711635549,0.214670487,1.743027034,0.137989216,0.772035221,MD1/2D,Amino acids,GABA,1/2 D
MD,34,01-Feb,D,Glutamate,7.632373802,0.674658281,1.220287946,0.107866489,0.239554172,MD1/2D,Amino acids,Glutamate,1/2 D
MD,34,01-Feb,D,Phenylalanine,1.226768262,0.100864848,0.678878555,0.055817373,-0.594311497,MD1/2D,Amino acids,Phenylalanine,1/2 D
MD,34,01-Feb,D,Asparagine,6.944655391,0.717916103,0.748724642,0.077400741,-0.478762445,MD1/2D,Amino acids,Asparagine,1/2 D
MD,34,01-Feb,D,Putrescine,0.374755623,0.048087225,0.398456714,0.05112846,-1.426052961,MD1/2D,Amines,Putrescine,1/2 D
MD,34,01-Feb,D,Ornithine,1.091847006,0.148652576,1.032000592,0.140504618,-0.073928021,MD1/2D,Amino acids,Ornithine,1/2 D
MD,34,01-Feb,D,Citric_acid,1.654910175,0.156906788,1.204301115,0.114183249,0.226612139,MD1/2D,TCA intermediates,Citric_acid,1/2 D
MD,34,01-Feb,D,Fructose,2.056340052,0.200119454,1.076453752,0.104758615,0.064609294,MD1/2D,Carbohydrates,Fructose,1/2 D
MD,34,01-Feb,D,Glucose,60.88822998,4.6925093,1.065322719,0.082101857,0.062183293,MD1/2D,Carbohydrates,Glucose,1/2 D
MD,34,01-Feb,D,Lysine,7.386062262,0.53272486,0.992963485,0.07161818,-0.041725819,MD1/2D,Amino acids,Lysine,1/2 D
MD,34,01-Feb,D,Tyrosine,8.467627396,1.661870218,0.999909271,0.196243807,-0.183846465,MD1/2D,Amino acids,Tyrosine,1/2 D
MD,34,01-Feb,D,Mannitol,21.12762045,1.818962837,7.168560288,0.617170532,2.799336062,MD1/2D,Polyols,Mannitol,1/2 D
MD,34,01-Feb,D,Inositol,1.204999864,0.104046104,2.413513113,0.208395573,1.219687825,MD1/2D,Polyols,Inositol,1/2 D
MD,34,01-Feb,D,Sucrose,0.696492307,0.093274986,0.781453536,0.104653084,-0.475274558,MD1/2D,Carbohydrates,Sucrose,1/2 D
MD,34,01-Feb,D,Trehalose,19.1404501,2.282442241,0.903364777,0.107723586,-0.22463019,MD1/2D,Carbohydrates,Trehalose,1/2 D
MD,34,01-Feb,R,Lactic_acid,1.711260317,0.398000824,0.678281182,0.157753012,-0.8226717,MD1/2R,Organic acids,Lactic_acid,1/2 R
MD,34,01-Feb,R,Alanine,8.198247521,0.588944413,1.046836234,0.075202456,0.032319758,MD1/2R,Amino acids,Alanine,1/2 R
MD,34,01-Feb,R,Valine,5.036622605,0.446715368,1.460622492,0.129547629,0.50238647,MD1/2R,Amino acids,Valine,1/2 R
MD,34,01-Feb,R,Leucine,1.318232374,0.133841501,0.884140117,0.089767664,-0.235198897,MD1/2R,Amino acids,Leucine,1/2 R
MD,34,01-Feb,R,Phosphoric_acid,9.893920314,0.982461584,0.847939709,0.08420001,-0.291839702,MD1/2R,Phosphorylated compounds,Phosphoric_acid,1/2 R
MD,34,01-Feb,R,Glycerol,0.281100166,0.042561477,0.3953614,0.059861811,-1.477372202,MD1/2R,Polyols,Glycerol,1/2 R
MD,34,01-Feb,R,Isoleucine,2.682057155,0.268389756,1.070722369,0.107145709,0.044435889,MD1/2R,Amino acids,Isoleucine,1/2 R
MD,34,01-Feb,R,Proline,6.102024996,0.50131069,1.132708195,0.093057424,0.136639144,MD1/2R,Amino acids,Proline,1/2 R
MD,34,01-Feb,R,Glycine,1.080711937,0.099231307,0.910430486,0.083596011,-0.183774435,MD1/2R,Amino acids,Glycine,1/2 R
MD,34,01-Feb,R,Succinic_acid,0.956779867,0.135762396,1.141121909,0.161919633,0.078660434,MD1/2R,TCA intermediates,Succinic_acid,1/2 R
MD,34,01-Feb,R,Fumaric_acid,0.732327133,0.223736454,1.194878546,0.365052551,-0.253363251,MD1/2R,TCA intermediates,Fumaric_acid,1/2 R
MD,34,01-Feb,R,Pipecolic_acid,0.49127147,0.077073883,1.883531665,0.295500775,0.773028151,MD1/2R,Amino acids,Pipecolic_acid,1/2 R
MD,34,01-Feb,R,Serine,2.258044274,0.242873951,1.129621962,0.121501492,0.109840926,MD1/2R,Amino acids,Serine,1/2 R
MD,34,01-Feb,R,Threonine,2.462804605,0.248062993,0.997162792,0.100438007,-0.054959253,MD1/2R,Amino acids,Threonine,1/2 R
MD,34,01-Feb,R,Malic_acid,1.453085955,0.196319858,0.890834509,0.120356613,-0.248478326,MD1/2R,TCA intermediates,Malic_acid,1/2 R
MD,34,01-Feb,R,Methionine,0.99930827,0.140204755,0.995391596,0.139655239,-0.105009511,MD1/2R,Amino acids,Methionine,1/2 R
MD,34,01-Feb,R,Aspartate,0.515582097,0.137361642,0.79339852,0.211377633,-0.686025623,MD1/2R,Amino acids,Aspartate,1/2 R
MD,34,01-Feb,R,GABA,1.78434098,0.160832931,1.14696629,0.103382679,0.154606568,MD1/2R,Amino acids,GABA,1/2 R
MD,34,01-Feb,R,Glutamate,6.113747823,0.672227208,0.977485245,0.107477802,-0.107487518,MD1/2R,Amino acids,Glutamate,1/2 R
MD,34,01-Feb,R,Phenylalanine,2.346442157,0.248031749,1.298492397,0.137257737,0.321696484,MD1/2R,Amino acids,Phenylalanine,1/2 R
MD,34,01-Feb,R,Asparagine,10.4842734,0.748519946,1.130341738,0.080700236,0.146586997,MD1/2R,Amino acids,Asparagine,1/2 R
MD,34,01-Feb,R,Putrescine,0.491074658,0.060318349,0.522132245,0.06413313,-1.032654084,MD1/2R,Amines,Putrescine,1/2 R
MD,34,01-Feb,R,Ornithine,1.17393675,0.198213377,1.109590826,0.187348888,0.023714963,MD1/2R,Amino acids,Ornithine,1/2 R
MD,34,01-Feb,R,Citric_acid,1.269760373,0.163542162,0.924022256,0.119011902,-0.192810945,MD1/2R,TCA intermediates,Citric_acid,1/2 R
MD,34,01-Feb,R,Fructose,1.873789528,0.221679968,0.980892127,0.116045122,-0.102758472,MD1/2R,Carbohydrates,Fructose,1/2 R
MD,34,01-Feb,R,Glucose,63.96088108,10.44674244,1.119082945,0.182780023,0.036151679,MD1/2R,Carbohydrates,Glucose,1/2 R
MD,34,01-Feb,R,Lysine,4.892972779,0.544323539,0.657798856,0.073177477,-0.666785177,MD1/2R,Amino acids,Lysine,1/2 R
MD,34,01-Feb,R,Tyrosine,10.63127773,2.151929062,1.255406346,0.254112955,0.129902976,MD1/2R,Amino acids,Tyrosine,1/2 R
MD,34,01-Feb,R,Mannitol,10.80965714,1.07435514,3.66769552,0.364526597,1.80876999,MD1/2R,Polyols,Mannitol,1/2 R
MD,34,01-Feb,R,Inositol,0.831389948,0.112352587,1.665203956,0.225032758,0.638741183,MD1/2R,Polyols,Inositol,1/2 R
MD,34,01-Feb,R,Sucrose,1.105298537,0.129753757,1.240127767,0.145581697,0.242275394,MD1/2R,Carbohydrates,Sucrose,1/2 R
MD,34,01-Feb,R,Trehalose,18.3775201,1.634150346,0.867357051,0.077126392,-0.252346721,MD1/2R,Carbohydrates,Trehalose,1/2 R
RP,20,C,D,Lactic_acid,0.428430728,0.097656968,1,0.227941091,-0.326087839,RPCD,Organic acids,Lactic_acid,C D
RP,20,C,D,Alanine,3.915358263,0.305648748,1,0.078064056,-0.035812811,RPCD,Amino acids,Alanine,C D
RP,20,C,D,Valine,1.057763311,0.070870694,1,0.067000522,-0.021764973,RPCD,Amino acids,Valine,C D
RP,20,C,D,Leucine,0.805038731,0.061540294,1,0.076443893,-0.030906536,RPCD,Amino acids,Leucine,C D
RP,20,C,D,Phosphoric_acid,13.30511015,0.777206318,1,0.058414121,-0.018798274,RPCD,Phosphorylated compounds,Phosphoric_acid,C D
RP,20,C,D,Glycerol,0.260316462,0.020046438,1,0.077007955,-0.031286209,RPCD,Polyols,Glycerol,C D
RP,20,C,D,Isoleucine,0.781313631,0.060213356,1,0.077066819,-0.029633286,RPCD,Amino acids,Isoleucine,C D
RP,20,C,D,Proline,2.266038448,0.193157355,1,0.085240105,-0.034121122,RPCD,Amino acids,Proline,C D
RP,20,C,D,Glycine,0.711807791,0.064240249,1,0.090249432,-0.040400436,RPCD,Amino acids,Glycine,C D
RP,20,C,D,Succinic_acid,0.511711384,0.074354794,1,0.145306117,-0.094328833,RPCD,TCA intermediates,Succinic_acid,C D
RP,20,C,D,Fumaric_acid,0.368608644,0.121973192,1,0.330901605,-0.534860593,RPCD,TCA intermediates,Fumaric_acid,C D
RP,20,C,D,Pipecolic_acid,0.24985007,0.033739821,1,0.135040269,-0.098382046,RPCD,Amino acids,Pipecolic_acid,C D
RP,20,C,D,Serine,1.099890297,0.072790753,1,0.066180012,-0.024698043,RPCD,Amino acids,Serine,C D
RP,20,C,D,Threonine,1.083036973,0.058066502,1,0.053614515,-0.015397941,RPCD,Amino acids,Threonine,C D
RP,20,C,D,Malic_acid,0.743310656,0.086273356,1,0.116066351,-0.064501626,RPCD,TCA intermediates,Malic_acid,C D
RP,20,C,D,Methionine,0.471009659,0.081135705,1,0.17225911,-0.192210098,RPCD,Amino acids,Methionine,C D
RP,20,C,D,Aspartate,0.964137715,0.139412067,1,0.14459767,-0.142088802,RPCD,Amino acids,Aspartate,C D
RP,20,C,D,GABA,1.349533819,0.087987043,1,0.065198102,-0.022747905,RPCD,Amino acids,GABA,C D
RP,20,C,D,Glutamate,5.697919933,0.510182523,1,0.089538381,-0.039263378,RPCD,Amino acids,Glutamate,C D
RP,20,C,D,Phenylalanine,0.670655646,0.087651862,1,0.130695778,-0.077491026,RPCD,Amino acids,Phenylalanine,C D
RP,20,C,D,Asparagine,6.023121386,0.357727111,1,0.059392313,-0.017691609,RPCD,Amino acids,Asparagine,C D
RP,20,C,D,Putrescine,0.408299861,0.03729617,1,0.091345048,-0.042930249,RPCD,Amines,Putrescine,C D
RP,20,C,D,Ornithine,0.487564306,0.113417099,1,0.232619775,-0.260984038,RPCD,Amino acids,Ornithine,C D
RP,20,C,D,Citric_acid,0.937420601,0.059619678,1,0.063599709,-0.020588495,RPCD,TCA intermediates,Citric_acid,C D
RP,20,C,D,Fructose,0.369434892,0.052027272,1,0.140829341,-0.107142822,RPCD,Carbohydrates,Fructose,C D
RP,20,C,D,Glucose,32.31730437,2.752172496,1,0.085160955,-0.038383868,RPCD,Carbohydrates,Glucose,C D
RP,20,C,D,Lysine,4.110393913,0.470096137,1,0.114367661,-0.081217276,RPCD,Amino acids,Lysine,C D
RP,20,C,D,Tyrosine,8.121406498,2.04828802,1,0.252208533,-0.300661501,RPCD,Amino acids,Tyrosine,C D
RP,20,C,D,Mannitol,1.013461324,0.302505975,1,0.298487933,-0.332522822,RPCD,Polyols,Mannitol,C D
RP,20,C,D,Inositol,0.913961511,0.083403276,1,0.091254691,-0.048820844,RPCD,Polyols,Inositol,C D
RP,20,C,D,Sucrose,0.308725035,0.06092608,1,0.197347391,-0.253528791,RPCD,Carbohydrates,Sucrose,C D
RP,20,C,D,Trehalose,40.32027779,2.726093027,1,0.067610968,-0.023373596,RPCD,Carbohydrates,Trehalose,C D
RP,34,01-Feb,D,Lactic_acid,0.430024836,0.124131591,1.003720806,0.289735499,-0.43951218,RP1/2D,Organic acids,Lactic_acid,1/2 D
RP,34,01-Feb,D,Alanine,6.214198903,0.425763138,1.587134174,0.108741808,0.643435154,RP1/2D,Amino acids,Alanine,1/2 D
RP,34,01-Feb,D,Valine,1.649958478,0.082243743,1.559856029,0.077752501,0.629143793,RP1/2D,Amino acids,Valine,1/2 D
RP,34,01-Feb,D,Leucine,0.817579332,0.040718363,1.015577636,0.050579384,0.010100539,RP1/2D,Amino acids,Leucine,1/2 D
RP,34,01-Feb,D,Phosphoric_acid,17.3576887,1.027101282,1.304588125,0.077196,0.364057568,RP1/2D,Phosphorylated compounds,Phosphoric_acid,1/2 D
RP,34,01-Feb,D,Glycerol,6.482652718,0.602532692,24.9029688,2.314616173,4.599536308,RP1/2D,Polyols,Glycerol,1/2 D
RP,34,01-Feb,D,Isoleucine,0.866207655,0.055573327,1.108655501,0.071128065,0.128669007,RP1/2D,Amino acids,Isoleucine,1/2 D
RP,34,01-Feb,D,Proline,4.386718034,0.196526533,1.935853312,0.086726919,0.943473786,RP1/2D,Amino acids,Proline,1/2 D
RP,34,01-Feb,D,Glycine,1.470466306,0.097749399,2.065819347,0.137325554,1.019653647,RP1/2D,Amino acids,Glycine,1/2 D
RP,34,01-Feb,D,Succinic_acid,0.483009102,0.065477013,0.943909236,0.12795692,-0.162648949,RP1/2D,TCA intermediates,Succinic_acid,1/2 D
RP,34,01-Feb,D,Fumaric_acid,0.329874113,0.087673327,0.89491692,0.237849351,-0.461688004,RP1/2D,TCA intermediates,Fumaric_acid,1/2 D
RP,34,01-Feb,D,Pipecolic_acid,0.293664548,0.027628053,1.175363084,0.110578529,0.18380449,RP1/2D,Amino acids,Pipecolic_acid,1/2 D
RP,34,01-Feb,D,Serine,1.964819004,0.122728984,1.78637725,0.111582932,0.816870091,RP1/2D,Amino acids,Serine,1/2 D
RP,34,01-Feb,D,Threonine,1.0175589,0.04662547,0.939542163,0.043050673,-0.101424473,RP1/2D,Amino acids,Threonine,1/2 D
RP,34,01-Feb,D,Malic_acid,0.867726792,0.072810836,1.167381074,0.097954785,0.189408422,RP1/2D,TCA intermediates,Malic_acid,1/2 D
RP,34,01-Feb,D,Methionine,0.414268849,0.050028953,0.879533658,0.106216405,-0.267704696,RP1/2D,Amino acids,Methionine,1/2 D
RP,34,01-Feb,D,Aspartate,1.471300495,0.112323353,1.526027322,0.116501358,0.582010158,RP1/2D,Amino acids,Aspartate,1/2 D
RP,34,01-Feb,D,GABA,1.737875664,0.108519274,1.287759995,0.080412416,0.342230553,RP1/2D,Amino acids,GABA,1/2 D
RP,34,01-Feb,D,Glutamate,9.320002235,0.737563785,1.635685012,0.129444393,0.673648508,RP1/2D,Amino acids,Glutamate,1/2 D
RP,34,01-Feb,D,Phenylalanine,0.655514524,0.074328007,0.977423402,0.110828869,-0.092781369,RP1/2D,Amino acids,Phenylalanine,1/2 D
RP,34,01-Feb,D,Asparagine,6.41914593,0.612349546,1.065750716,0.101666479,0.048269395,RP1/2D,Amino acids,Asparagine,1/2 D
RP,34,01-Feb,D,Putrescine,0.647162057,0.057091431,1.585016598,0.139827212,0.622363528,RP1/2D,Amines,Putrescine,1/2 D
RP,34,01-Feb,D,Ornithine,0.522239993,0.079541147,1.071120231,0.163139807,-0.017950288,RP1/2D,Amino acids,Ornithine,1/2 D
RP,34,01-Feb,D,Citric_acid,1.435309944,0.065834184,1.531126948,0.070229078,0.604030776,RP1/2D,TCA intermediates,Citric_acid,1/2 D
RP,34,01-Feb,D,Fructose,0.979196343,0.091405036,2.650524799,0.247418524,1.354943662,RP1/2D,Carbohydrates,Fructose,1/2 D
RP,34,01-Feb,D,Glucose,22.01912938,3.284895379,0.681341771,0.101645092,-0.647785188,RP1/2D,Carbohydrates,Glucose,1/2 D
RP,34,01-Feb,D,Lysine,5.440055178,0.361982748,1.323487552,0.088065221,0.381647809,RP1/2D,Amino acids,Lysine,1/2 D
RP,34,01-Feb,D,Tyrosine,12.03746583,3.34177253,1.482189794,0.411477068,0.19602514,RP1/2D,Amino acids,Tyrosine,1/2 D
RP,34,01-Feb,D,Mannitol,57.41104718,4.479873853,56.64848359,4.420369823,5.791678805,RP1/2D,Polyols,Mannitol,1/2 D
RP,34,01-Feb,D,Inositol,1.883412162,0.178688554,2.060712775,0.195509933,0.997360207,RP1/2D,Polyols,Inositol,1/2 D
RP,34,01-Feb,D,Sucrose,0.162278208,0.040950427,0.525639937,0.132643689,-1.419270256,RP1/2D,Carbohydrates,Sucrose,1/2 D
RP,34,01-Feb,D,Trehalose,42.91094874,4.080975065,1.064252309,0.101213962,0.043625807,RP1/2D,Carbohydrates,Trehalose,1/2 D
RP,34,01-Feb,R,Lactic_acid,0.476709173,0.13752576,1.112686701,0.320998825,-0.269705768,RP1/2R,Organic acids,Lactic_acid,1/2 R
RP,34,01-Feb,R,Alanine,3.532573013,0.242903402,0.902234936,0.062038615,-0.172284623,RP1/2R,Amino acids,Alanine,1/2 R
RP,34,01-Feb,R,Valine,2.256190422,0.203719902,2.132982302,0.192594978,1.04809002,RP1/2R,Amino acids,Valine,1/2 R
RP,34,01-Feb,R,Leucine,0.444667961,0.038814979,0.552355984,0.048215046,-0.900402794,RP1/2R,Amino acids,Leucine,1/2 R
RP,34,01-Feb,R,Phosphoric_acid,15.27061121,1.161015192,1.147725275,0.087260848,0.165724614,RP1/2R,Phosphorylated compounds,Phosphoric_acid,1/2 R
RP,34,01-Feb,R,Glycerol,0.374278192,0.018061939,1.437781496,0.069384545,0.51233613,RP1/2R,Polyols,Glycerol,1/2 R
RP,34,01-Feb,R,Isoleucine,1.211541556,0.113549918,1.550646896,0.145332058,0.58492684,RP1/2R,Amino acids,Isoleucine,1/2 R
RP,34,01-Feb,R,Proline,3.694792741,0.221503604,1.630507525,0.09774927,0.687674717,RP1/2R,Amino acids,Proline,1/2 R
RP,34,01-Feb,R,Glycine,0.933050874,0.068127098,1.310818574,0.095709964,0.361932706,RP1/2R,Amino acids,Glycine,1/2 R
RP,34,01-Feb,R,Succinic_acid,0.538248421,0.069997444,1.051859383,0.136790867,0.000827988,RP1/2R,TCA intermediates,Succinic_acid,1/2 R
RP,34,01-Feb,R,Fumaric_acid,0.345632376,0.090017845,0.937667583,0.244209804,-0.375190018,RP1/2R,TCA intermediates,Fumaric_acid,1/2 R
RP,34,01-Feb,R,Pipecolic_acid,0.219985765,0.029591408,0.880471096,0.11843666,-0.273120173,RP1/2R,Amino acids,Pipecolic_acid,1/2 R
RP,34,01-Feb,R,Serine,1.543574227,0.108075616,1.403389258,0.09826036,0.464801431,RP1/2R,Amino acids,Serine,1/2 R
RP,34,01-Feb,R,Threonine,1.043868635,0.104685663,0.963834718,0.096659362,-0.112737874,RP1/2R,Amino acids,Threonine,1/2 R
RP,34,01-Feb,R,Malic_acid,0.85870545,0.073668155,1.155244369,0.099108164,0.174516867,RP1/2R,TCA intermediates,Malic_acid,1/2 R
RP,34,01-Feb,R,Methionine,0.333447044,0.05657117,0.70794099,0.120106177,-0.662653584,RP1/2R,Amino acids,Methionine,1/2 R
RP,34,01-Feb,R,Aspartate,0.708368408,0.043931404,0.73471704,0.045565487,-0.462867617,RP1/2R,Amino acids,Aspartate,1/2 R
RP,34,01-Feb,R,GABA,1.076981625,0.078621736,0.798039745,0.058258441,-0.352201195,RP1/2R,Amino acids,GABA,1/2 R
RP,34,01-Feb,R,Glutamate,6.315963998,0.576962644,1.108468366,0.101258468,0.099844689,RP1/2R,Amino acids,Glutamate,1/2 R
RP,34,01-Feb,R,Phenylalanine,0.879146273,0.087765038,1.310875823,0.130864533,0.341755926,RP1/2R,Amino acids,Phenylalanine,1/2 R
RP,34,01-Feb,R,Asparagine,12.51369846,0.965302444,2.077610205,0.160266145,1.02325469,RP1/2R,Amino acids,Asparagine,1/2 R
RP,34,01-Feb,R,Putrescine,0.385636844,0.049579135,0.944494183,0.121428244,-0.183474552,RP1/2R,Amines,Putrescine,1/2 R
RP,34,01-Feb,R,Ornithine,0.698935358,0.074415003,1.433524458,0.152626026,0.457085884,RP1/2R,Amino acids,Ornithine,1/2 R
RP,34,01-Feb,R,Citric_acid,1.099719186,0.087871188,1.173133154,0.093737206,0.196508176,RP1/2R,TCA intermediates,Citric_acid,1/2 R
RP,34,01-Feb,R,Fructose,0.4766306,0.070586209,1.290161299,0.191065356,0.243647052,RP1/2R,Carbohydrates,Fructose,1/2 R
RP,34,01-Feb,R,Glucose,28.69325801,4.446621512,0.8878605,0.137592587,-0.280390148,RP1/2R,Carbohydrates,Glucose,1/2 R
RP,34,01-Feb,R,Lysine,4.2989593,0.321361575,1.045875259,0.078182671,0.039249007,RP1/2R,Amino acids,Lysine,1/2 R
RP,34,01-Feb,R,Tyrosine,11.65661044,2.544149815,1.435294544,0.313264681,0.242855348,RP1/2R,Amino acids,Tyrosine,1/2 R
RP,34,01-Feb,R,Mannitol,3.584045748,0.582222939,3.536440576,0.574489549,1.686963473,RP1/2R,Polyols,Mannitol,1/2 R
RP,34,01-Feb,R,Inositol,1.384525583,0.141633186,1.514862022,0.154966247,0.549885335,RP1/2R,Polyols,Inositol,1/2 R
RP,34,01-Feb,R,Sucrose,0.279437701,0.039573331,0.905134566,0.128183097,-0.28238232,RP1/2R,Carbohydrates,Sucrose,1/2 R
RP,34,01-Feb,R,Trehalose,46.67689743,5.685379142,1.157653171,0.141005456,0.134104717,RP1/2R,Carbohydrates,Trehalose,1/2 R
SA,20,C,R,Lactic_acid,0.441132094,0.085815302,1,0.194534252,-0.35837229,SACR,Organic acids,Lactic_acid,C R
SA,20,C,R,Alanine,2.919152083,0.202934296,1,0.069518233,-0.023609186,SACR,Amino acids,Alanine,C R
SA,20,C,R,Valine,3.750591676,0.249803906,1,0.066603866,-0.027369438,SACR,Amino acids,Valine,C R
SA,20,C,R,Leucine,1.207716031,0.132096933,1,0.109377477,-0.070560982,SACR,Amino acids,Leucine,C R
SA,20,C,R,Phosphoric_acid,12.43853338,0.929296873,1,0.074711129,-0.029505269,SACR,Phosphorylated compounds,Phosphoric_acid,C R
SA,20,C,R,Glycerol,0.303614513,0.014051553,1,0.046280899,-0.011524623,SACR,Polyols,Glycerol,C R
SA,20,C,R,Isoleucine,2.402448603,0.228297417,1,0.095026972,-0.065021776,SACR,Amino acids,Isoleucine,C R
SA,20,C,R,Proline,3.505562931,0.188097142,1,0.053656758,-0.016389586,SACR,Amino acids,Proline,C R
SA,20,C,R,Glycine,0.963670171,0.085079211,1,0.08828665,-0.036678936,SACR,Amino acids,Glycine,C R
SA,20,C,R,Succinic_acid,0.432123248,0.038319092,1,0.088676303,-0.034647186,SACR,TCA intermediates,Succinic_acid,C R
SA,20,C,R,Fumaric_acid,0.374076338,0.065787381,1,0.175866193,-0.112240827,SACR,TCA intermediates,Fumaric_acid,C R
SA,20,C,R,Pipecolic_acid,0.248464641,0.024173948,1,0.097293312,-0.052709069,SACR,Amino acids,Pipecolic_acid,C R
SA,20,C,R,Serine,1.840073307,0.129506417,1,0.070381118,-0.024794362,SACR,Amino acids,Serine,C R
SA,20,C,R,Threonine,2.895344158,0.232256061,1,0.080217083,-0.038742802,SACR,Amino acids,Threonine,C R
SA,20,C,R,Malic_acid,1.280285368,0.055642051,1,0.043460663,-0.009690485,SACR,TCA intermediates,Malic_acid,C R
SA,20,C,R,Methionine,0.69465623,0.055176482,1,0.079429911,-0.032494062,SACR,Amino acids,Methionine,C R
SA,20,C,R,Aspartate,1.294973094,0.07434004,1,0.057406629,-0.018621029,SACR,Amino acids,Aspartate,C R
SA,20,C,R,GABA,1.736656076,0.141398275,1,0.081419849,-0.033146021,SACR,Amino acids,GABA,C R
SA,20,C,R,Glutamate,6.231647408,0.645451003,1,0.103576303,-0.053839207,SACR,Amino acids,Glutamate,C R
SA,20,C,R,Phenylalanine,1.393826106,0.125223107,1,0.08984127,-0.046335841,SACR,Amino acids,Phenylalanine,C R
SA,20,C,R,Asparagine,11.87422444,1.61612819,1,0.136103894,-0.085564535,SACR,Amino acids,Asparagine,C R
SA,20,C,R,Putrescine,0.109749139,0.013737613,1,0.125172858,-0.105330239,SACR,Amines,Putrescine,C R
SA,20,C,R,Ornithine,0.522826991,0.051919822,1,0.099305933,-0.042867474,SACR,Amino acids,Ornithine,C R
SA,20,C,R,Citric_acid,0.943352225,0.064388391,1,0.068254878,-0.025454757,SACR,TCA intermediates,Citric_acid,C R
SA,20,C,R,Fructose,1.83458245,0.287167177,1,0.156529992,-0.113704469,SACR,Carbohydrates,Fructose,C R
SA,20,C,R,Glucose,18.58919508,2.935212446,1,0.157898846,-0.104439999,SACR,Carbohydrates,Glucose,C R
SA,20,C,R,Lysine,4.270492038,0.323312784,1,0.075708556,-0.031244144,SACR,Amino acids,Lysine,C R
SA,20,C,R,Tyrosine,11.46622978,3.36141062,1,0.293157445,-0.32292886,SACR,Amino acids,Tyrosine,C R
SA,20,C,R,Mannitol,1.231289649,0.239538751,1,0.194542975,-0.218272244,SACR,Polyols,Mannitol,C R
SA,20,C,R,Inositol,0.517114614,0.05087371,1,0.098379951,-0.057940286,SACR,Polyols,Inositol,C R
SA,20,C,R,Sucrose,0.380930271,0.036051189,1,0.094639865,-0.046842547,SACR,Carbohydrates,Sucrose,C R
SA,20,C,R,Trehalose,35.18483454,2.118820816,1,0.060219718,-0.018344396,SACR,Carbohydrates,Trehalose,C R
SA,34,01-Feb,D,Lactic_acid,0.601846621,0.099449332,1.364322908,0.225441163,0.338751398,SA1/2D,Organic acids,Lactic_acid,1/2 D
SA,34,01-Feb,D,Alanine,3.342637333,0.232842272,1.145071321,0.079763666,0.173527658,SA1/2D,Amino acids,Alanine,1/2 D
SA,34,01-Feb,D,Valine,2.499559319,0.13141519,0.666444,0.035038522,-0.598568237,SA1/2D,Amino acids,Valine,1/2 D
SA,34,01-Feb,D,Leucine,0.433782702,0.027806354,0.359176074,0.023023917,-1.498606385,SA1/2D,Amino acids,Leucine,1/2 D
SA,34,01-Feb,D,Phosphoric_acid,13.41537381,1.094600256,1.078533409,0.088000749,0.068637883,SA1/2D,Phosphorylated compounds,Phosphoric_acid,1/2 D
SA,34,01-Feb,D,Glycerol,0.525312587,0.071673276,1.730195904,0.2360667,0.665912475,SA1/2D,Polyols,Glycerol,1/2 D
SA,34,01-Feb,D,Isoleucine,0.988045613,0.036712617,0.411266077,0.015281333,-1.289123787,SA1/2D,Amino acids,Isoleucine,1/2 D
SA,34,01-Feb,D,Proline,2.83198301,0.153149579,0.807853992,0.043687585,-0.322108198,SA1/2D,Amino acids,Proline,1/2 D
SA,34,01-Feb,D,Glycine,1.21415852,0.100342162,1.25993162,0.104125005,0.301863396,SA1/2D,Amino acids,Glycine,1/2 D
SA,34,01-Feb,D,Succinic_acid,0.469602224,0.05769412,1.086732144,0.133513112,0.053306371,SA1/2D,TCA intermediates,Succinic_acid,1/2 D
SA,34,01-Feb,D,Fumaric_acid,0.547380895,0.110357371,1.463286608,0.295012968,0.409682733,SA1/2D,TCA intermediates,Fumaric_acid,1/2 D
SA,34,01-Feb,D,Pipecolic_acid,0.332177586,0.035521823,1.336920954,0.142965306,0.363720889,SA1/2D,Amino acids,Pipecolic_acid,1/2 D
SA,34,01-Feb,D,Serine,1.127125006,0.077244662,0.612543534,0.041979122,-0.732688773,SA1/2D,Amino acids,Serine,1/2 D
SA,34,01-Feb,D,Threonine,1.120078997,0.056890634,0.386855218,0.019649006,-1.382467874,SA1/2D,Amino acids,Threonine,1/2 D
SA,34,01-Feb,D,Malic_acid,2.185238728,0.165189156,1.706837227,0.129025263,0.744905851,SA1/2D,TCA intermediates,Malic_acid,1/2 D
SA,34,01-Feb,D,Methionine,0.499149611,0.055512709,0.718556301,0.079913929,-0.532881619,SA1/2D,Amino acids,Methionine,1/2 D
SA,34,01-Feb,D,Aspartate,0.969683384,0.050794348,0.748805816,0.039224249,-0.43201252,SA1/2D,Amino acids,Aspartate,1/2 D
SA,34,01-Feb,D,GABA,1.730018918,0.140027022,0.996178197,0.080630255,-0.038976876,SA1/2D,Amino acids,GABA,1/2 D
SA,34,01-Feb,D,Glutamate,5.688002129,0.581937954,0.912760584,0.093384288,-0.191275338,SA1/2D,Amino acids,Glutamate,1/2 D
SA,34,01-Feb,D,Phenylalanine,0.5210275,0.086673975,0.373810978,0.06218421,-1.521402432,SA1/2D,Amino acids,Phenylalanine,1/2 D
SA,34,01-Feb,D,Asparagine,3.581586915,0.475944601,0.301627018,0.040082163,-1.827826915,SA1/2D,Amino acids,Asparagine,1/2 D
SA,34,01-Feb,D,Putrescine,0.058828979,0.009911465,0.536031347,0.090310188,-1.070253917,SA1/2D,Amines,Putrescine,1/2 D
SA,34,01-Feb,D,Ornithine,0.441364148,0.09476838,0.844187762,0.181261453,-0.414922494,SA1/2D,Amino acids,Ornithine,1/2 D
SA,34,01-Feb,D,Citric_acid,1.074475459,0.082169809,1.138997111,0.08710406,0.155880339,SA1/2D,TCA intermediates,Citric_acid,1/2 D
SA,34,01-Feb,D,Fructose,2.556557188,0.233655722,1.393536272,0.1273618,0.440396797,SA1/2D,Carbohydrates,Fructose,1/2 D
SA,34,01-Feb,D,Glucose,30.345888,2.745774128,1.632447659,0.14770807,0.665619844,SA1/2D,Carbohydrates,Glucose,1/2 D
SA,34,01-Feb,D,Lysine,4.646143605,0.523576076,1.08796447,0.12260322,0.057518656,SA1/2D,Amino acids,Lysine,1/2 D
SA,34,01-Feb,D,Tyrosine,7.593633801,1.722977164,0.662260739,0.150265362,-0.82784339,SA1/2D,Amino acids,Tyrosine,1/2 D
SA,34,01-Feb,D,Mannitol,44.60121917,3.890946389,36.22317399,3.160057744,5.140519605,SA1/2D,Polyols,Mannitol,1/2 D
SA,34,01-Feb,D,Inositol,0.755145584,0.075562102,1.460306021,0.146122543,0.482920469,SA1/2D,Polyols,Inositol,1/2 D
SA,34,01-Feb,D,Sucrose,0.326856788,0.057505815,0.858048868,0.150961527,-0.384658995,SA1/2D,Carbohydrates,Sucrose,1/2 D
SA,34,01-Feb,D,Trehalose,25.4812056,1.391007944,0.724209903,0.039534304,-0.480921192,SA1/2D,Carbohydrates,Trehalose,1/2 D
SA,34,01-Feb,R,Lactic_acid,0.401150538,0.061908467,0.909366024,0.140339975,-0.304206033,SA1/2R,Organic acids,Lactic_acid,1/2 R
SA,34,01-Feb,R,Alanine,3.171206894,0.19845056,1.086345214,0.067982261,0.103277012,SA1/2R,Amino acids,Alanine,1/2 R
SA,34,01-Feb,R,Valine,4.641938576,0.458984542,1.237655009,0.122376569,0.253418416,SA1/2R,Amino acids,Valine,1/2 R
SA,34,01-Feb,R,Leucine,1.050501184,0.140715894,0.869824658,0.116514056,-0.2794163,SA1/2R,Amino acids,Leucine,1/2 R
SA,34,01-Feb,R,Phosphoric_acid,13.59273886,1.013082249,1.092792731,0.081447082,0.102874744,SA1/2R,Phosphorylated compounds,Phosphoric_acid,1/2 R
SA,34,01-Feb,R,Glycerol,0.387959618,0.033292605,1.277803274,0.109654196,0.324278913,SA1/2R,Polyols,Glycerol,1/2 R
SA,34,01-Feb,R,Isoleucine,2.436804204,0.26073208,1.014300244,0.108527641,-0.037108379,SA1/2R,Amino acids,Isoleucine,1/2 R
SA,34,01-Feb,R,Proline,5.341725699,0.440120524,1.523785425,0.125549172,0.580549241,SA1/2R,Amino acids,Proline,1/2 R
SA,34,01-Feb,R,Glycine,1.138022405,0.132148433,1.180925216,0.137130356,0.171986765,SA1/2R,Amino acids,Glycine,1/2 R
SA,34,01-Feb,R,Succinic_acid,0.446385139,0.04827105,1.03300422,0.111706672,-0.006266177,SA1/2R,TCA intermediates,Succinic_acid,1/2 R
SA,34,01-Feb,R,Fumaric_acid,0.35740486,0.062087137,0.955432954,0.165974512,-0.167733204,SA1/2R,TCA intermediates,Fumaric_acid,1/2 R
SA,34,01-Feb,R,Pipecolic_acid,0.283900444,0.018404311,1.142619095,0.074072154,0.174013443,SA1/2R,Amino acids,Pipecolic_acid,1/2 R
SA,34,01-Feb,R,Serine,2.097838441,0.214881809,1.140084166,0.116778939,0.134185795,SA1/2R,Amino acids,Serine,1/2 R
SA,34,01-Feb,R,Threonine,3.442222401,0.473740334,1.188881947,0.163621424,0.136251343,SA1/2R,Amino acids,Threonine,1/2 R
SA,34,01-Feb,R,Malic_acid,1.143742947,0.093155104,0.893350011,0.072761203,-0.191561003,SA1/2R,TCA intermediates,Malic_acid,1/2 R
SA,34,01-Feb,R,Methionine,0.670979361,0.050964646,0.965915704,0.073366715,-0.074803697,SA1/2R,Amino acids,Methionine,1/2 R
SA,34,01-Feb,R,Aspartate,1.36624102,0.108906169,1.055034291,0.084099175,0.049578049,SA1/2R,Amino acids,Aspartate,1/2 R
SA,34,01-Feb,R,GABA,1.768984534,0.17178004,1.018615349,0.098914254,-0.012900003,SA1/2R,Amino acids,GABA,1/2 R
SA,34,01-Feb,R,Glutamate,6.92510013,0.69899517,1.111279198,0.112168601,0.109442129,SA1/2R,Amino acids,Glutamate,1/2 R
SA,34,01-Feb,R,Phenylalanine,1.665188456,0.167120065,1.194688813,0.119900226,0.208019896,SA1/2R,Amino acids,Phenylalanine,1/2 R
SA,34,01-Feb,R,Asparagine,15.43308853,1.101409819,1.299713392,0.092756358,0.353721326,SA1/2R,Amino acids,Asparagine,1/2 R
SA,34,01-Feb,R,Putrescine,0.142118519,0.022766625,1.294939718,0.207442401,0.14198198,SA1/2R,Amines,Putrescine,1/2 R
SA,34,01-Feb,R,Ornithine,0.490421715,0.053040355,0.938019121,0.101449153,-0.138984579,SA1/2R,Amino acids,Ornithine,1/2 R
SA,34,01-Feb,R,Citric_acid,0.895837799,0.090859443,0.94963236,0.096315502,-0.122053547,SA1/2R,TCA intermediates,Citric_acid,1/2 R
SA,34,01-Feb,R,Fructose,1.032836134,0.127624408,0.562981584,0.069565915,-0.908366213,SA1/2R,Carbohydrates,Fructose,1/2 R
SA,34,01-Feb,R,Glucose,14.94872085,1.420050315,0.804161815,0.076391167,-0.360087825,SA1/2R,Carbohydrates,Glucose,1/2 R
SA,34,01-Feb,R,Lysine,2.74502228,0.365448346,0.642788291,0.085575232,-0.703304702,SA1/2R,Amino acids,Lysine,1/2 R
SA,34,01-Feb,R,Tyrosine,9.381563995,2.205583645,0.818190825,0.19235474,-0.499736509,SA1/2R,Amino acids,Tyrosine,1/2 R
SA,34,01-Feb,R,Mannitol,3.408135216,0.673577602,2.767939469,0.547050487,1.308004791,SA1/2R,Polyols,Mannitol,1/2 R
SA,34,01-Feb,R,Inositol,0.612764126,0.032941197,1.184967722,0.063701927,0.232178034,SA1/2R,Polyols,Inositol,1/2 R
SA,34,01-Feb,R,Sucrose,0.240804093,0.049123403,0.632147432,0.128956418,-0.970504473,SA1/2R,Carbohydrates,Sucrose,1/2 R
SA,34,01-Feb,R,Trehalose,35.02218231,2.117474103,0.995377206,0.060181443,-0.021508391,SA1/2R,Carbohydrates,Trehalose,1/2 R
MD,20,C,R,Lactic_acid,2.522936447,0.696421739,1,0.27603618,-0.362564102,MDCR,Organic acids,Lactic_acid,C R
MD,20,C,R,Alanine,7.831451811,1.223313257,1,0.156205169,-0.093686594,MDCR,Amino acids,Alanine,C R
MD,20,C,R,Valine,3.448271289,0.234374483,1,0.06796869,-0.016507112,MDCR,Amino acids,Valine,C R
MD,20,C,R,Leucine,1.490976767,0.154489372,1,0.103616217,-0.042627035,MDCR,Amino acids,Leucine,C R
MD,20,C,R,Phosphoric_acid,11.66818845,1.138436881,1,0.097567578,-0.033572168,MDCR,Phosphorylated compounds,Phosphoric_acid,C R
MD,20,C,R,Glycerol,0.710995475,0.072537498,1,0.102022447,-0.038803845,MDCR,Polyols,Glycerol,C R
MD,20,C,R,Isoleucine,2.504904384,0.107127631,1,0.042767154,-0.006524882,MDCR,Amino acids,Isoleucine,C R
MD,20,C,R,Proline,5.387111193,0.377720077,1,0.070115515,-0.017200981,MDCR,Amino acids,Proline,C R
MD,20,C,R,Glycine,1.187033996,0.177275632,1,0.149343349,-0.079951707,MDCR,Amino acids,Glycine,C R
MD,20,C,R,Succinic_acid,0.838455436,0.128377626,1,0.153112044,-0.100389162,MDCR,TCA intermediates,Succinic_acid,C R
MD,20,C,R,Fumaric_acid,0.612888344,0.143191517,1,0.233633937,-0.189153462,MDCR,TCA intermediates,Fumaric_acid,C R
MD,20,C,R,Pipecolic_acid,0.260824641,0.037726902,1,0.144644702,-0.090830203,MDCR,Amino acids,Pipecolic_acid,C R
MD,20,C,R,Serine,1.998938008,0.239917282,1,0.120022372,-0.052878589,MDCR,Amino acids,Serine,C R
MD,20,C,R,Threonine,2.469811976,0.244138861,1,0.098849169,-0.036175192,MDCR,Amino acids,Threonine,C R
MD,20,C,R,Malic_acid,1.631151399,0.170803328,1,0.10471335,-0.036081514,MDCR,TCA intermediates,Malic_acid,C R
MD,20,C,R,Methionine,1.003934807,0.144563305,1,0.143996706,-0.089398592,MDCR,Amino acids,Methionine,C R
MD,20,C,R,Aspartate,0.649840004,0.117435021,1,0.180713745,-0.114566936,MDCR,Amino acids,Aspartate,C R
MD,20,C,R,GABA,1.555704815,0.161576661,1,0.103860745,-0.036888655,MDCR,Amino acids,GABA,C R
MD,20,C,R,Glutamate,6.254567887,0.524603737,1,0.083875297,-0.025999989,MDCR,Amino acids,Glutamate,C R
MD,20,C,R,Phenylalanine,1.807051134,0.084406831,1,0.046709708,-0.008175043,MDCR,Amino acids,Phenylalanine,C R
MD,20,C,R,Asparagine,9.275312985,1.254229773,1,0.135222367,-0.056728411,MDCR,Amino acids,Asparagine,C R
MD,20,C,R,Putrescine,0.940517776,0.110460374,1,0.117446344,-0.053993496,MDCR,Amines,Putrescine,C R
MD,20,C,R,Ornithine,1.057990678,0.129417491,1,0.122323848,-0.062590229,MDCR,Amino acids,Ornithine,C R
MD,20,C,R,Citric_acid,1.37416644,0.080002287,1,0.058218775,-0.013829477,MDCR,TCA intermediates,Citric_acid,C R
MD,20,C,R,Fructose,1.910291129,0.067833785,1,0.035509658,-0.004506497,MDCR,Carbohydrates,Fructose,C R
MD,20,C,R,Glucose,57.15472776,9.339520907,1,0.16340767,-0.122207945,MDCR,Carbohydrates,Glucose,C R
MD,20,C,R,Lysine,7.438402692,0.771307661,1,0.103692646,-0.043035561,MDCR,Amino acids,Lysine,C R
MD,20,C,R,Tyrosine,8.468395724,2.132027086,1,0.251762808,-0.220404746,MDCR,Amino acids,Tyrosine,C R
MD,20,C,R,Mannitol,2.947261319,0.313489058,1,0.106366224,-0.044788024,MDCR,Polyols,Mannitol,C R
MD,20,C,R,Inositol,0.499272143,0.107167583,1,0.214647632,-0.262333313,MDCR,Polyols,Inositol,C R
MD,20,C,R,Sucrose,0.891277952,0.047906638,1,0.053750502,-0.009589697,MDCR,Carbohydrates,Sucrose,C R
MD,20,C,R,Trehalose,21.18795262,2.359838949,1,0.11137645,-0.048234894,MDCR,Carbohydrates,Trehalose,C R
MD,34,02-Feb,D,Lactic_acid,2.822500244,0.460219044,1.118736164,0.182414045,0.030908088,MD2/2D,Organic acids,Lactic_acid,2/2 D
MD,34,02-Feb,D,Alanine,9.645953429,0.792193243,1.231694156,0.101155349,0.261613736,MD2/2D,Amino acids,Alanine,2/2 D
MD,34,02-Feb,D,Valine,1.773442315,0.118375515,0.514298953,0.034328945,-0.981558741,MD2/2D,Amino acids,Valine,2/2 D
MD,34,02-Feb,D,Leucine,0.873490192,0.044094691,0.585850975,0.029574365,-0.7830657,MD2/2D,Amino acids,Leucine,2/2 D
MD,34,02-Feb,D,Phosphoric_acid,10.06391417,1.228753116,0.862508711,0.105307959,-0.287380787,MD2/2D,Phosphorylated compounds,Phosphoric_acid,2/2 D
MD,34,02-Feb,D,Glycerol,0.436675572,0.03840588,0.614174897,0.054017053,-0.742664354,MD2/2D,Polyols,Glycerol,2/2 D
MD,34,02-Feb,D,Isoleucine,0.925944338,0.045625396,0.369652568,0.018214426,-1.447906492,MD2/2D,Amino acids,Isoleucine,2/2 D
MD,34,02-Feb,D,Proline,3.704758571,0.335776281,0.687707834,0.062329562,-0.586090139,MD2/2D,Amino acids,Proline,2/2 D
MD,34,02-Feb,D,Glycine,1.792169323,0.149197442,1.509787697,0.125689274,0.556894732,MD2/2D,Amino acids,Glycine,2/2 D
MD,34,02-Feb,D,Succinic_acid,0.978507872,0.13377548,1.167036231,0.159549899,0.097025559,MD2/2D,TCA intermediates,Succinic_acid,2/2 D
MD,34,02-Feb,D,Fumaric_acid,0.714531515,0.146460578,1.165842885,0.238967798,-0.004572895,MD2/2D,TCA intermediates,Fumaric_acid,2/2 D
MD,34,02-Feb,D,Pipecolic_acid,0.417560367,0.028324312,1.600923768,0.108595229,0.652068256,MD2/2D,Amino acids,Pipecolic_acid,2/2 D
MD,34,02-Feb,D,Serine,1.755776652,0.117128273,0.878354729,0.05859525,-0.209631672,MD2/2D,Amino acids,Serine,2/2 D
MD,34,02-Feb,D,Threonine,1.533114083,0.08609957,0.620741213,0.034860779,-0.704397725,MD2/2D,Amino acids,Threonine,2/2 D
MD,34,02-Feb,D,Malic_acid,1.953673591,0.179023536,1.197726706,0.109752863,0.205689433,MD2/2D,TCA intermediates,Malic_acid,2/2 D
MD,34,02-Feb,D,Methionine,0.818733225,0.103803619,0.815524294,0.103396773,-0.401805937,MD2/2D,Amino acids,Methionine,2/2 D
MD,34,02-Feb,D,Aspartate,0.557205829,0.101024334,0.857450796,0.155460319,-0.463038887,MD2/2D,Amino acids,Aspartate,2/2 D
MD,34,02-Feb,D,GABA,2.239330297,0.265904293,1.43943136,0.170922074,0.450573656,MD2/2D,Amino acids,GABA,2/2 D
MD,34,02-Feb,D,Glutamate,5.979738256,0.658933436,0.956059374,0.105352352,-0.13096551,MD2/2D,Amino acids,Glutamate,2/2 D
MD,34,02-Feb,D,Phenylalanine,1.048003877,0.144527551,0.57995253,0.07997978,-0.909767465,MD2/2D,Amino acids,Phenylalanine,2/2 D
MD,34,02-Feb,D,Asparagine,6.549112072,0.815653201,0.706079901,0.087938078,-0.586573782,MD2/2D,Amino acids,Asparagine,2/2 D
MD,34,02-Feb,D,Putrescine,0.417608592,0.088316893,0.444019882,0.093902418,-1.410321236,MD2/2D,Amines,Putrescine,2/2 D
MD,34,02-Feb,D,Ornithine,0.922611966,0.112529597,0.872041677,0.106361615,-0.272608998,MD2/2D,Amino acids,Ornithine,2/2 D
MD,34,02-Feb,D,Citric_acid,1.233065504,0.108772312,0.89731889,0.079155122,-0.203895934,MD2/2D,TCA intermediates,Citric_acid,2/2 D
MD,34,02-Feb,D,Fructose,1.976235032,0.278644136,1.034520342,0.145864749,-0.068118467,MD2/2D,Carbohydrates,Fructose,2/2 D
MD,34,02-Feb,D,Glucose,46.29622312,7.363526753,0.810015635,0.128834955,-0.416942165,MD2/2D,Carbohydrates,Glucose,2/2 D
MD,34,02-Feb,D,Lysine,7.117054824,1.118742523,0.956798807,0.150400909,-0.182222333,MD2/2D,Amino acids,Lysine,2/2 D
MD,34,02-Feb,D,Tyrosine,6.088633824,0.860400361,0.718983149,0.101601341,-0.570583828,MD2/2D,Amino acids,Tyrosine,2/2 D
MD,34,02-Feb,D,Mannitol,33.93912554,5.821179658,11.5154789,1.97511487,3.330335288,MD2/2D,Polyols,Mannitol,2/2 D
MD,34,02-Feb,D,Inositol,0.848714761,0.058036557,1.699904097,0.116242329,0.740259995,MD2/2D,Polyols,Inositol,2/2 D
MD,34,02-Feb,D,Sucrose,0.492374671,0.094811998,0.552436722,0.106377587,-1.228773075,MD2/2D,Carbohydrates,Sucrose,2/2 D
MD,34,02-Feb,D,Trehalose,8.654334614,0.536443477,0.408455445,0.025318325,-1.31113754,MD2/2D,Carbohydrates,Trehalose,2/2 D
MD,34,02-Feb,R,Lactic_acid,1.319036361,0.304254016,0.52281791,0.120595196,-1.336988275,MD2/2R,Organic acids,Lactic_acid,2/2 R
MD,34,02-Feb,R,Alanine,5.077393122,0.25650424,0.648333571,0.032753089,-0.638524795,MD2/2R,Amino acids,Alanine,2/2 R
MD,34,02-Feb,R,Valine,2.237227781,0.21316656,0.648796917,0.061818384,-0.677457148,MD2/2R,Amino acids,Valine,2/2 R
MD,34,02-Feb,R,Leucine,0.537291588,0.048697959,0.360362146,0.032661783,-1.519114504,MD2/2R,Amino acids,Leucine,2/2 R
MD,34,02-Feb,R,Phosphoric_acid,15.7200954,0.84432919,1.347261014,0.072361635,0.414546089,MD2/2R,Phosphorylated compounds,Phosphoric_acid,2/2 R
MD,34,02-Feb,R,Glycerol,0.351845073,0.028880006,0.494862605,0.040619114,-1.050762876,MD2/2R,Polyols,Glycerol,2/2 R
MD,34,02-Feb,R,Isoleucine,1.275821176,0.133045369,0.509329292,0.053113951,-1.032042793,MD2/2R,Amino acids,Isoleucine,2/2 R
MD,34,02-Feb,R,Proline,5.981291009,0.272678646,1.110296557,0.050616859,0.139600144,MD2/2R,Amino acids,Proline,2/2 R
MD,34,02-Feb,R,Glycine,1.113779882,0.066459491,0.938288108,0.055987858,-0.111504017,MD2/2R,Amino acids,Glycine,2/2 R
MD,34,02-Feb,R,Succinic_acid,0.769302307,0.084740406,0.917523191,0.101067275,-0.18564631,MD2/2R,TCA intermediates,Succinic_acid,2/2 R
MD,34,02-Feb,R,Fumaric_acid,0.538029409,0.124554587,0.877858771,0.203225576,-0.441015672,MD2/2R,TCA intermediates,Fumaric_acid,2/2 R
MD,34,02-Feb,R,Pipecolic_acid,0.343721246,0.033928161,1.317825054,0.130080352,0.336063746,MD2/2R,Amino acids,Pipecolic_acid,2/2 R
MD,34,02-Feb,R,Serine,2.035708658,0.172630842,1.018395092,0.086361279,-0.007400116,MD2/2R,Amino acids,Serine,2/2 R
MD,34,02-Feb,R,Threonine,1.941950263,0.220492368,0.786274535,0.089274961,-0.434233643,MD2/2R,Amino acids,Threonine,2/2 R
MD,34,02-Feb,R,Malic_acid,1.681398974,0.139949007,1.030804973,0.085797681,0.004511625,MD2/2R,TCA intermediates,Malic_acid,2/2 R
MD,34,02-Feb,R,Methionine,0.849081742,0.114433244,0.845753864,0.113984736,-0.340373135,MD2/2R,Amino acids,Methionine,2/2 R
MD,34,02-Feb,R,Aspartate,0.504379329,0.052613467,0.776159247,0.080963725,-0.420126788,MD2/2R,Amino acids,Aspartate,2/2 R
MD,34,02-Feb,R,GABA,1.443735278,0.128522515,0.92802649,0.08261369,-0.155630758,MD2/2R,Amino acids,GABA,2/2 R
MD,34,02-Feb,R,Glutamate,5.499748049,0.310209868,0.879317028,0.04959733,-0.202433383,MD2/2R,Amino acids,Glutamate,2/2 R
MD,34,02-Feb,R,Phenylalanine,1.43437773,0.141802541,0.793767096,0.078471792,-0.394870697,MD2/2R,Amino acids,Phenylalanine,2/2 R
MD,34,02-Feb,R,Asparagine,13.51369172,0.912294215,1.456952638,0.098357243,0.518212519,MD2/2R,Amino acids,Asparagine,2/2 R
MD,34,02-Feb,R,Putrescine,0.521390341,0.097770658,0.554365217,0.103954078,-1.19151739,MD2/2R,Amines,Putrescine,2/2 R
MD,34,02-Feb,R,Ornithine,0.866555044,0.106818662,0.819057353,0.100963708,-0.364403647,MD2/2R,Amino acids,Ornithine,2/2 R
MD,34,02-Feb,R,Citric_acid,1.450636879,0.17089873,1.055648601,0.124365379,-0.001225772,MD2/2R,TCA intermediates,Citric_acid,2/2 R
MD,34,02-Feb,R,Fructose,0.994246351,0.163642147,0.520468496,0.08566346,-1.126916997,MD2/2R,Carbohydrates,Fructose,2/2 R
MD,34,02-Feb,R,Glucose,44.24639721,5.138785637,0.774151132,0.089910071,-0.432630535,MD2/2R,Carbohydrates,Glucose,2/2 R
MD,34,02-Feb,R,Lysine,6.273744336,0.616168343,0.843426283,0.08283611,-0.291064622,MD2/2R,Amino acids,Lysine,2/2 R
MD,34,02-Feb,R,Tyrosine,12.08358653,2.718140603,1.426903858,0.320974679,0.206065824,MD2/2R,Amino acids,Tyrosine,2/2 R
MD,34,02-Feb,R,Mannitol,4.051969756,1.064779465,1.374825411,0.361277589,0.096207896,MD2/2R,Polyols,Mannitol,2/2 R
MD,34,02-Feb,R,Inositol,0.586871281,0.096772686,1.175453685,0.193827528,0.028512022,MD2/2R,Polyols,Inositol,2/2 R
MD,34,02-Feb,R,Sucrose,0.707416775,0.125875327,0.793710619,0.141230159,-0.513320813,MD2/2R,Carbohydrates,Sucrose,2/2 R
MD,34,02-Feb,R,Trehalose,20.74922338,1.342905826,0.979293458,0.063380632,-0.051117063,MD2/2R,Carbohydrates,Trehalose,2/2 R
RP,20,C,D,Lactic_acid,0.428430728,0.097656968,1,0.227941091,-0.326087839,RPCD,Organic acids,Lactic_acid,C D
RP,20,C,D,Alanine,3.915358263,0.305648748,1,0.078064056,-0.035812811,RPCD,Amino acids,Alanine,C D
RP,20,C,D,Valine,1.057763311,0.070870694,1,0.067000522,-0.021764973,RPCD,Amino acids,Valine,C D
RP,20,C,D,Leucine,0.805038731,0.061540294,1,0.076443893,-0.030906536,RPCD,Amino acids,Leucine,C D
RP,20,C,D,Phosphoric_acid,13.30511015,0.777206318,1,0.058414121,-0.018798274,RPCD,Phosphorylated compounds,Phosphoric_acid,C D
RP,20,C,D,Glycerol,0.260316462,0.020046438,1,0.077007955,-0.031286209,RPCD,Polyols,Glycerol,C D
RP,20,C,D,Isoleucine,0.781313631,0.060213356,1,0.077066819,-0.029633286,RPCD,Amino acids,Isoleucine,C D
RP,20,C,D,Proline,2.266038448,0.193157355,1,0.085240105,-0.034121122,RPCD,Amino acids,Proline,C D
RP,20,C,D,Glycine,0.711807791,0.064240249,1,0.090249432,-0.040400436,RPCD,Amino acids,Glycine,C D
RP,20,C,D,Succinic_acid,0.511711384,0.074354794,1,0.145306117,-0.094328833,RPCD,TCA intermediates,Succinic_acid,C D
RP,20,C,D,Fumaric_acid,0.368608644,0.121973192,1,0.330901605,-0.534860593,RPCD,TCA intermediates,Fumaric_acid,C D
RP,20,C,D,Pipecolic_acid,0.24985007,0.033739821,1,0.135040269,-0.098382046,RPCD,Amino acids,Pipecolic_acid,C D
RP,20,C,D,Serine,1.099890297,0.072790753,1,0.066180012,-0.024698043,RPCD,Amino acids,Serine,C D
RP,20,C,D,Threonine,1.083036973,0.058066502,1,0.053614515,-0.015397941,RPCD,Amino acids,Threonine,C D
RP,20,C,D,Malic_acid,0.743310656,0.086273356,1,0.116066351,-0.064501626,RPCD,TCA intermediates,Malic_acid,C D
RP,20,C,D,Methionine,0.471009659,0.081135705,1,0.17225911,-0.192210098,RPCD,Amino acids,Methionine,C D
RP,20,C,D,Aspartate,0.964137715,0.139412067,1,0.14459767,-0.142088802,RPCD,Amino acids,Aspartate,C D
RP,20,C,D,GABA,1.349533819,0.087987043,1,0.065198102,-0.022747905,RPCD,Amino acids,GABA,C D
RP,20,C,D,Glutamate,5.697919933,0.510182523,1,0.089538381,-0.039263378,RPCD,Amino acids,Glutamate,C D
RP,20,C,D,Phenylalanine,0.670655646,0.087651862,1,0.130695778,-0.077491026,RPCD,Amino acids,Phenylalanine,C D
RP,20,C,D,Asparagine,6.023121386,0.357727111,1,0.059392313,-0.017691609,RPCD,Amino acids,Asparagine,C D
RP,20,C,D,Putrescine,0.408299861,0.03729617,1,0.091345048,-0.042930249,RPCD,Amines,Putrescine,C D
RP,20,C,D,Ornithine,0.487564306,0.113417099,1,0.232619775,-0.260984038,RPCD,Amino acids,Ornithine,C D
RP,20,C,D,Citric_acid,0.937420601,0.059619678,1,0.063599709,-0.020588495,RPCD,TCA intermediates,Citric_acid,C D
RP,20,C,D,Fructose,0.369434892,0.052027272,1,0.140829341,-0.107142822,RPCD,Carbohydrates,Fructose,C D
RP,20,C,D,Glucose,32.31730437,2.752172496,1,0.085160955,-0.038383868,RPCD,Carbohydrates,Glucose,C D
RP,20,C,D,Lysine,4.110393913,0.470096137,1,0.114367661,-0.081217276,RPCD,Amino acids,Lysine,C D
RP,20,C,D,Tyrosine,8.121406498,2.04828802,1,0.252208533,-0.300661501,RPCD,Amino acids,Tyrosine,C D
RP,20,C,D,Mannitol,1.013461324,0.302505975,1,0.298487933,-0.332522822,RPCD,Polyols,Mannitol,C D
RP,20,C,D,Inositol,0.913961511,0.083403276,1,0.091254691,-0.048820844,RPCD,Polyols,Inositol,C D
RP,20,C,D,Sucrose,0.308725035,0.06092608,1,0.197347391,-0.253528791,RPCD,Carbohydrates,Sucrose,C D
RP,20,C,D,Trehalose,40.32027779,2.726093027,1,0.067610968,-0.023373596,RPCD,Carbohydrates,Trehalose,C D
RP,34,02-Feb,D,Lactic_acid,1.099005748,0.171789319,2.565188902,0.400973384,1.174644181,RP2/2D,Organic acids,Lactic_acid,2/2 D
RP,34,02-Feb,D,Alanine,8.261105523,0.909391371,2.109923273,0.232262621,1.024069074,RP2/2D,Amino acids,Alanine,2/2 D
RP,34,02-Feb,D,Valine,1.786008815,0.09797659,1.688476804,0.092626194,0.740928247,RP2/2D,Amino acids,Valine,2/2 D
RP,34,02-Feb,D,Leucine,0.602047395,0.039973671,0.747848982,0.049654345,-0.442330417,RP2/2D,Amino acids,Leucine,2/2 D
RP,34,02-Feb,D,Phosphoric_acid,18.47836876,1.047015207,1.388817421,0.078692712,0.456928771,RP2/2D,Phosphorylated compounds,Phosphoric_acid,2/2 D
RP,34,02-Feb,D,Glycerol,9.897647431,0.491905153,38.02159638,1.889642899,5.237748332,RP2/2D,Polyols,Glycerol,2/2 D
RP,34,02-Feb,D,Isoleucine,0.719001926,0.030705917,0.920247514,0.039300373,-0.129390132,RP2/2D,Amino acids,Isoleucine,2/2 D
RP,34,02-Feb,D,Proline,3.580749373,0.212625713,1.580180326,0.093831467,0.642646809,RP2/2D,Amino acids,Proline,2/2 D
RP,34,02-Feb,D,Glycine,1.947301729,0.099298295,2.735712862,0.139501556,1.439128784,RP2/2D,Amino acids,Glycine,2/2 D
RP,34,02-Feb,D,Succinic_acid,0.459906626,0.05599147,0.898761762,0.10942002,-0.228269139,RP2/2D,TCA intermediates,Succinic_acid,2/2 D
RP,34,02-Feb,D,Fumaric_acid,0.34215669,0.103584503,0.928238378,0.281014851,-0.602035119,RP2/2D,TCA intermediates,Fumaric_acid,2/2 D
RP,34,02-Feb,D,Pipecolic_acid,0.458750865,0.04516514,1.83610461,0.18076897,0.8290234,RP2/2D,Amino acids,Pipecolic_acid,2/2 D
RP,34,02-Feb,D,Serine,2.600006746,0.1648672,2.363878246,0.149894222,1.219376299,RP2/2D,Amino acids,Serine,2/2 D
RP,34,02-Feb,D,Threonine,1.08679824,0.074141451,1.003472889,0.06845699,-0.019931242,RP2/2D,Amino acids,Threonine,2/2 D
RP,34,02-Feb,D,Malic_acid,0.893164772,0.072084643,1.201603616,0.096977814,0.231840304,RP2/2D,TCA intermediates,Malic_acid,2/2 D
RP,34,02-Feb,D,Methionine,0.488564375,0.070361629,1.037270394,0.149384684,-0.060964474,RP2/2D,Amino acids,Methionine,2/2 D
RP,34,02-Feb,D,Aspartate,1.008743162,0.05187713,1.046264602,0.053806763,0.051888642,RP2/2D,Amino acids,Aspartate,2/2 D
RP,34,02-Feb,D,GABA,2.082755984,0.172543706,1.543315147,0.127854303,0.594938584,RP2/2D,Amino acids,GABA,2/2 D
RP,34,02-Feb,D,Glutamate,7.882749405,0.551302383,1.383443344,0.096755025,0.444163907,RP2/2D,Amino acids,Glutamate,2/2 D
RP,34,02-Feb,D,Phenylalanine,0.647301718,0.080269632,0.965177467,0.119688297,-0.126123691,RP2/2D,Amino acids,Phenylalanine,2/2 D
RP,34,02-Feb,D,Asparagine,12.43685553,1.202561238,2.064852214,0.19965748,0.997710586,RP2/2D,Amino acids,Asparagine,2/2 D
RP,34,02-Feb,D,Putrescine,0.582006325,0.052209888,1.425438459,0.127871433,0.469654088,RP2/2D,Amines,Putrescine,2/2 D
RP,34,02-Feb,D,Ornithine,0.7136545,0.104310457,1.463713587,0.213941948,0.422250064,RP2/2D,Amino acids,Ornithine,2/2 D
RP,34,02-Feb,D,Citric_acid,1.247912631,0.063219949,1.331219551,0.067440324,0.400131888,RP2/2D,TCA intermediates,Citric_acid,2/2 D
RP,34,02-Feb,D,Fructose,0.796646085,0.024410509,2.156391023,0.066075267,1.103919783,RP2/2D,Carbohydrates,Fructose,2/2 D
RP,34,02-Feb,D,Glucose,21.98039916,2.663676251,0.680143335,0.0824226,-0.640726879,RP2/2D,Carbohydrates,Glucose,2/2 D
RP,34,02-Feb,D,Lysine,8.186303591,0.731472785,1.991610479,0.177956858,0.948876888,RP2/2D,Amino acids,Lysine,2/2 D
RP,34,02-Feb,D,Tyrosine,14.00688761,3.578657187,1.724687419,0.440645003,0.373386122,RP2/2D,Amino acids,Tyrosine,2/2 D
RP,34,02-Feb,D,Mannitol,63.6594433,8.812610692,62.81388524,8.695556983,5.870688692,RP2/2D,Polyols,Mannitol,2/2 D
RP,34,02-Feb,D,Inositol,2.480475435,0.259927292,2.713982377,0.284396321,1.384520984,RP2/2D,Polyols,Inositol,2/2 D
RP,34,02-Feb,D,Sucrose,0.270220949,0.058633969,0.875280324,0.189922948,-0.633110158,RP2/2D,Carbohydrates,Sucrose,2/2 D
RP,34,02-Feb,D,Trehalose,30.38834699,2.014307211,0.753674048,0.049957672,-0.430495061,RP2/2D,Carbohydrates,Trehalose,2/2 D
RP,34,02-Feb,R,Lactic_acid,1.593775427,0.396774733,3.720030623,0.926111754,1.593141499,RP2/2R,Organic acids,Lactic_acid,2/2 R
RP,34,02-Feb,R,Alanine,3.395023517,0.249177339,0.86710418,0.063641006,-0.235006964,RP2/2R,Amino acids,Alanine,2/2 R
RP,34,02-Feb,R,Valine,1.686631217,0.114498944,1.594526109,0.10824628,0.649987851,RP2/2R,Amino acids,Valine,2/2 R
RP,34,02-Feb,R,Leucine,0.640199699,0.054995062,0.795240867,0.06831356,-0.370198225,RP2/2R,Amino acids,Leucine,2/2 R
RP,34,02-Feb,R,Phosphoric_acid,20.16003887,1.559982989,1.51521022,0.117246905,0.564612565,RP2/2R,Phosphorylated compounds,Phosphoric_acid,2/2 R
RP,34,02-Feb,R,Glycerol,0.321650653,0.061640094,1.235613958,0.236789074,0.076730287,RP2/2R,Polyols,Glycerol,2/2 R
RP,34,02-Feb,R,Isoleucine,1.08368516,0.092712631,1.387004038,0.118662502,0.433706713,RP2/2R,Amino acids,Isoleucine,2/2 R
RP,34,02-Feb,R,Proline,6.971606654,0.559564451,3.076561504,0.246935109,1.590523721,RP2/2R,Amino acids,Proline,2/2 R
RP,34,02-Feb,R,Glycine,0.996394257,0.208486127,1.399808024,0.292896663,0.336616833,RP2/2R,Amino acids,Glycine,2/2 R
RP,34,02-Feb,R,Succinic_acid,0.602358346,0.099862353,1.177144704,0.195153667,0.116343481,RP2/2R,TCA intermediates,Succinic_acid,2/2 R
RP,34,02-Feb,R,Fumaric_acid,0.466003926,0.152397005,1.264224084,0.413438501,-0.28320048,RP2/2R,TCA intermediates,Fumaric_acid,2/2 R
RP,34,02-Feb,R,Pipecolic_acid,0.457328945,0.044383809,1.830413517,0.177641773,0.822924641,RP2/2R,Amino acids,Pipecolic_acid,2/2 R
RP,34,02-Feb,R,Serine,1.919411672,0.144121346,1.74509374,0.131032473,0.771989972,RP2/2R,Amino acids,Serine,2/2 R
RP,34,02-Feb,R,Threonine,0.923000696,0.0772085,0.852233783,0.071288886,-0.265874498,RP2/2R,Amino acids,Threonine,2/2 R
RP,34,02-Feb,R,Malic_acid,0.912527704,0.140403172,1.227653198,0.188888953,0.182935369,RP2/2R,TCA intermediates,Malic_acid,2/2 R
RP,34,02-Feb,R,Methionine,0.542481747,0.09540762,1.151742298,0.202559794,-0.033126845,RP2/2R,Amino acids,Methionine,2/2 R
RP,34,02-Feb,R,Aspartate,1.065399409,0.116927869,1.105028248,0.121277144,0.085622254,RP2/2R,Amino acids,Aspartate,2/2 R
RP,34,02-Feb,R,GABA,1.400137679,0.316769072,1.037497289,0.234724812,-0.11564874,RP2/2R,Amino acids,GABA,2/2 R
RP,34,02-Feb,R,Glutamate,6.391203125,0.673367823,1.121673032,0.118177832,0.107424066,RP2/2R,Amino acids,Glutamate,2/2 R
RP,34,02-Feb,R,Phenylalanine,1.079281041,0.134811415,1.60929241,0.201014359,0.586123711,RP2/2R,Amino acids,Phenylalanine,2/2 R
RP,34,02-Feb,R,Asparagine,15.48252577,1.38221269,2.570515316,0.229484449,1.32511419,RP2/2R,Amino acids,Asparagine,2/2 R
RP,34,02-Feb,R,Putrescine,0.764700038,0.273224592,1.872888315,0.669176304,0.465840738,RP2/2R,Amines,Putrescine,2/2 R
RP,34,02-Feb,R,Ornithine,1.16978945,0.214719976,2.399251616,0.440393141,1.127330816,RP2/2R,Amino acids,Ornithine,2/2 R
RP,34,02-Feb,R,Citric_acid,1.378368391,0.123830093,1.470384148,0.13209662,0.51793096,RP2/2R,TCA intermediates,Citric_acid,2/2 R
RP,34,02-Feb,R,Fructose,0.431262014,0.042933338,1.167355934,0.116213543,0.169326269,RP2/2R,Carbohydrates,Fructose,2/2 R
RP,34,02-Feb,R,Glucose,18.60834071,3.382923966,0.57580114,0.104678408,-0.9741625,RP2/2R,Carbohydrates,Glucose,2/2 R
RP,34,02-Feb,R,Lysine,8.213109371,0.829483869,1.998131942,0.201801552,0.938061048,RP2/2R,Amino acids,Lysine,2/2 R
RP,34,02-Feb,R,Tyrosine,10.12790852,2.540112574,1.247063366,0.31276757,0.02983177,RP2/2R,Amino acids,Tyrosine,2/2 R
RP,34,02-Feb,R,Mannitol,3.406846787,0.63408287,3.361595264,0.62566065,1.570887418,RP2/2R,Polyols,Mannitol,2/2 R
RP,34,02-Feb,R,Inositol,1.663551735,0.284651492,1.820155132,0.311448008,0.725997359,RP2/2R,Polyols,Inositol,2/2 R
RP,34,02-Feb,R,Sucrose,0.376951321,0.077137604,1.220993693,0.249858595,-0.048800611,RP2/2R,Carbohydrates,Sucrose,2/2 R
RP,34,02-Feb,R,Trehalose,43.63520613,3.001820107,1.082214918,0.074449391,0.091935777,RP2/2R,Carbohydrates,Trehalose,2/2 R
SA,20,C,R,Lactic_acid,0.441132094,0.085815302,1,0.194534252,-0.35837229,SACR,Organic acids,Lactic_acid,C R
SA,20,C,R,Alanine,2.919152083,0.202934296,1,0.069518233,-0.023609186,SACR,Amino acids,Alanine,C R
SA,20,C,R,Valine,3.750591676,0.249803906,1,0.066603866,-0.027369438,SACR,Amino acids,Valine,C R
SA,20,C,R,Leucine,1.207716031,0.132096933,1,0.109377477,-0.070560982,SACR,Amino acids,Leucine,C R
SA,20,C,R,Phosphoric_acid,12.43853338,0.929296873,1,0.074711129,-0.029505269,SACR,Phosphorylated compounds,Phosphoric_acid,C R
SA,20,C,R,Glycerol,0.303614513,0.014051553,1,0.046280899,-0.011524623,SACR,Polyols,Glycerol,C R
SA,20,C,R,Isoleucine,2.402448603,0.228297417,1,0.095026972,-0.065021776,SACR,Amino acids,Isoleucine,C R
SA,20,C,R,Proline,3.505562931,0.188097142,1,0.053656758,-0.016389586,SACR,Amino acids,Proline,C R
SA,20,C,R,Glycine,0.963670171,0.085079211,1,0.08828665,-0.036678936,SACR,Amino acids,Glycine,C R
SA,20,C,R,Succinic_acid,0.432123248,0.038319092,1,0.088676303,-0.034647186,SACR,TCA intermediates,Succinic_acid,C R
SA,20,C,R,Fumaric_acid,0.374076338,0.065787381,1,0.175866193,-0.112240827,SACR,TCA intermediates,Fumaric_acid,C R
SA,20,C,R,Pipecolic_acid,0.248464641,0.024173948,1,0.097293312,-0.052709069,SACR,Amino acids,Pipecolic_acid,C R
SA,20,C,R,Serine,1.840073307,0.129506417,1,0.070381118,-0.024794362,SACR,Amino acids,Serine,C R
SA,20,C,R,Threonine,2.895344158,0.232256061,1,0.080217083,-0.038742802,SACR,Amino acids,Threonine,C R
SA,20,C,R,Malic_acid,1.280285368,0.055642051,1,0.043460663,-0.009690485,SACR,TCA intermediates,Malic_acid,C R
SA,20,C,R,Methionine,0.69465623,0.055176482,1,0.079429911,-0.032494062,SACR,Amino acids,Methionine,C R
SA,20,C,R,Aspartate,1.294973094,0.07434004,1,0.057406629,-0.018621029,SACR,Amino acids,Aspartate,C R
SA,20,C,R,GABA,1.736656076,0.141398275,1,0.081419849,-0.033146021,SACR,Amino acids,GABA,C R
SA,20,C,R,Glutamate,6.231647408,0.645451003,1,0.103576303,-0.053839207,SACR,Amino acids,Glutamate,C R
SA,20,C,R,Phenylalanine,1.393826106,0.125223107,1,0.08984127,-0.046335841,SACR,Amino acids,Phenylalanine,C R
SA,20,C,R,Asparagine,11.87422444,1.61612819,1,0.136103894,-0.085564535,SACR,Amino acids,Asparagine,C R
SA,20,C,R,Putrescine,0.109749139,0.013737613,1,0.125172858,-0.105330239,SACR,Amines,Putrescine,C R
SA,20,C,R,Ornithine,0.522826991,0.051919822,1,0.099305933,-0.042867474,SACR,Amino acids,Ornithine,C R
SA,20,C,R,Citric_acid,0.943352225,0.064388391,1,0.068254878,-0.025454757,SACR,TCA intermediates,Citric_acid,C R
SA,20,C,R,Fructose,1.83458245,0.287167177,1,0.156529992,-0.113704469,SACR,Carbohydrates,Fructose,C R
SA,20,C,R,Glucose,18.58919508,2.935212446,1,0.157898846,-0.104439999,SACR,Carbohydrates,Glucose,C R
SA,20,C,R,Lysine,4.270492038,0.323312784,1,0.075708556,-0.031244144,SACR,Amino acids,Lysine,C R
SA,20,C,R,Tyrosine,11.46622978,3.36141062,1,0.293157445,-0.32292886,SACR,Amino acids,Tyrosine,C R
SA,20,C,R,Mannitol,1.231289649,0.239538751,1,0.194542975,-0.218272244,SACR,Polyols,Mannitol,C R
SA,20,C,R,Inositol,0.517114614,0.05087371,1,0.098379951,-0.057940286,SACR,Polyols,Inositol,C R
SA,20,C,R,Sucrose,0.380930271,0.036051189,1,0.094639865,-0.046842547,SACR,Carbohydrates,Sucrose,C R
SA,20,C,R,Trehalose,35.18483454,2.118820816,1,0.060219718,-0.018344396,SACR,Carbohydrates,Trehalose,C R
SA,34,02-Feb,D,Lactic_acid,1.12977902,0.186170808,2.561090058,0.422029616,1.215595436,SA2/2D,Organic acids,Lactic_acid,2/2 D
SA,34,02-Feb,D,Alanine,5.794286165,0.469658552,1.984920963,0.160888689,0.95257047,SA2/2D,Amino acids,Alanine,2/2 D
SA,34,02-Feb,D,Valine,2.238992677,0.138839222,0.596970524,0.037017952,-0.762687137,SA2/2D,Amino acids,Valine,2/2 D
SA,34,02-Feb,D,Leucine,0.344456862,0.038195364,0.285213455,0.031626113,-1.879524132,SA2/2D,Amino acids,Leucine,2/2 D
SA,34,02-Feb,D,Phosphoric_acid,17.08285161,1.154402708,1.373381499,0.092808587,0.433565766,SA2/2D,Phosphorylated compounds,Phosphoric_acid,2/2 D
SA,34,02-Feb,D,Glycerol,0.521954147,0.117173803,1.719134378,0.385929519,-0.024929574,SA2/2D,Polyols,Glycerol,2/2 D
SA,34,02-Feb,D,Isoleucine,0.628528784,0.051396509,0.261620075,0.021393386,-1.968510514,SA2/2D,Amino acids,Isoleucine,2/2 D
SA,34,02-Feb,D,Proline,1.983970287,0.308490601,0.565949129,0.088000303,-0.917441728,SA2/2D,Amino acids,Proline,2/2 D
SA,34,02-Feb,D,Glycine,1.896292319,0.161941678,1.967781484,0.168046789,0.941842811,SA2/2D,Amino acids,Glycine,2/2 D
SA,34,02-Feb,D,Succinic_acid,0.578828408,0.052253372,1.33949842,0.120922381,0.381369013,SA2/2D,TCA intermediates,Succinic_acid,2/2 D
SA,34,02-Feb,D,Fumaric_acid,0.525447102,0.106215748,1.404652069,0.28394137,0.304846814,SA2/2D,TCA intermediates,Fumaric_acid,2/2 D
SA,34,02-Feb,D,Pipecolic_acid,0.401183523,0.027720699,1.61465036,0.111567983,0.667006691,SA2/2D,Amino acids,Pipecolic_acid,2/2 D
SA,34,02-Feb,D,Serine,1.956253386,0.131218036,1.063138832,0.071311309,0.065290553,SA2/2D,Amino acids,Serine,2/2 D
SA,34,02-Feb,D,Threonine,0.883848591,0.037107914,0.305265469,0.012816409,-1.720517883,SA2/2D,Amino acids,Threonine,2/2 D
SA,34,02-Feb,D,Malic_acid,1.648085265,0.142454583,1.287279622,0.111267836,0.329806037,SA2/2D,TCA intermediates,Malic_acid,2/2 D
SA,34,02-Feb,D,Methionine,0.615397515,0.074884879,0.885902247,0.107801349,-0.266594588,SA2/2D,Amino acids,Methionine,2/2 D
SA,34,02-Feb,D,Aspartate,1.499268813,0.097565588,1.15776059,0.075341788,0.189975071,SA2/2D,Amino acids,Aspartate,2/2 D
SA,34,02-Feb,D,GABA,2.359308914,0.149667344,1.358535491,0.086181338,0.421489664,SA2/2D,Amino acids,GABA,2/2 D
SA,34,02-Feb,D,Glutamate,6.383755945,0.527368461,1.024409041,0.084627455,-0.002090044,SA2/2D,Amino acids,Glutamate,2/2 D
SA,34,02-Feb,D,Phenylalanine,0.49126064,0.076314699,0.352454756,0.054751951,-1.621449891,SA2/2D,Amino acids,Phenylalanine,2/2 D
SA,34,02-Feb,D,Asparagine,5.050032373,0.435988607,0.42529366,0.036717228,-1.276670478,SA2/2D,Amino acids,Asparagine,2/2 D
SA,34,02-Feb,D,Putrescine,0.189411893,0.035402997,1.725862227,0.322581091,0.568146535,SA2/2D,Amines,Putrescine,2/2 D
SA,34,02-Feb,D,Ornithine,0.486828216,0.077520712,0.931145912,0.148272207,-0.23122797,SA2/2D,Amino acids,Ornithine,2/2 D
SA,34,02-Feb,D,Citric_acid,1.055021743,0.095056369,1.11837521,0.100764451,0.123525386,SA2/2D,TCA intermediates,Citric_acid,2/2 D
SA,34,02-Feb,D,Fructose,0.991167014,0.077231429,0.540268448,0.042097551,-0.922331465,SA2/2D,Carbohydrates,Fructose,2/2 D
SA,34,02-Feb,D,Glucose,19.88238207,2.049659809,1.069566594,0.110260815,0.047481305,SA2/2D,Carbohydrates,Glucose,2/2 D
SA,34,02-Feb,D,Lysine,5.205132612,0.328572427,1.218860161,0.07694018,0.26530938,SA2/2D,Amino acids,Lysine,2/2 D
SA,34,02-Feb,D,Tyrosine,11.24469026,2.844950721,0.980678957,0.248115621,-0.34102042,SA2/2D,Amino acids,Tyrosine,2/2 D
SA,34,02-Feb,D,Mannitol,47.85438758,5.793321025,38.86525615,4.705083838,5.208712705,SA2/2D,Polyols,Mannitol,2/2 D
SA,34,02-Feb,D,Inositol,1.046047488,0.079870253,2.022854238,0.154453675,0.983345174,SA2/2D,Polyols,Inositol,2/2 D
SA,34,02-Feb,D,Sucrose,0.31626937,0.067224113,0.830255284,0.176473539,-0.586806476,SA2/2D,Carbohydrates,Sucrose,2/2 D
SA,34,02-Feb,D,Trehalose,7.621992294,0.651327225,0.216627203,0.01851159,-2.254752614,SA2/2D,Carbohydrates,Trehalose,2/2 D
SA,34,02-Feb,R,Lactic_acid,1.235589315,0.327674052,2.800950854,0.742802568,1.182948714,SA2/2R,Organic acids,Lactic_acid,2/2 R
SA,34,02-Feb,R,Alanine,3.458950038,0.277746942,1.18491601,0.095146445,0.215369133,SA2/2R,Amino acids,Alanine,2/2 R
SA,34,02-Feb,R,Valine,2.244186195,0.2771356,0.598355243,0.073891168,-0.825853797,SA2/2R,Amino acids,Valine,2/2 R
SA,34,02-Feb,R,Leucine,0.555992824,0.053336326,0.460367181,0.044162969,-1.159181967,SA2/2R,Amino acids,Leucine,2/2 R
SA,34,02-Feb,R,Phosphoric_acid,22.87282455,1.969117183,1.838868286,0.158307826,0.835968693,SA2/2R,Phosphorylated compounds,Phosphoric_acid,2/2 R
SA,34,02-Feb,R,Glycerol,0.593474664,0.086842045,1.954697944,0.28602732,0.669964447,SA2/2R,Polyols,Glycerol,2/2 R
SA,34,02-Feb,R,Isoleucine,1.043148294,0.120191237,0.434202127,0.05002864,-1.276197564,SA2/2R,Amino acids,Isoleucine,2/2 R
SA,34,02-Feb,R,Proline,5.609745169,0.409163434,1.600240897,0.116718325,0.65016958,SA2/2R,Amino acids,Proline,2/2 R
SA,34,02-Feb,R,Glycine,1.167858416,0.102743209,1.211886028,0.106616571,0.234168416,SA2/2R,Amino acids,Glycine,2/2 R
SA,34,02-Feb,R,Succinic_acid,0.588813581,0.040513479,1.362605653,0.093754454,0.421609468,SA2/2R,TCA intermediates,Succinic_acid,2/2 R
SA,34,02-Feb,R,Fumaric_acid,0.503446939,0.070078714,1.345840108,0.187338004,0.324862644,SA2/2R,TCA intermediates,Fumaric_acid,2/2 R
SA,34,02-Feb,R,Pipecolic_acid,0.430390082,0.047202138,1.732198513,0.189975271,0.741270567,SA2/2R,Amino acids,Pipecolic_acid,2/2 R
SA,34,02-Feb,R,Serine,1.649169143,0.196265809,0.89625187,0.106661951,-0.233465426,SA2/2R,Amino acids,Serine,2/2 R
SA,34,02-Feb,R,Threonine,1.556138972,0.15733116,0.537462522,0.054339364,-0.950532524,SA2/2R,Amino acids,Threonine,2/2 R
SA,34,02-Feb,R,Malic_acid,1.524541476,0.157047506,1.190782551,0.122666017,0.201254696,SA2/2R,TCA intermediates,Malic_acid,2/2 R
SA,34,02-Feb,R,Methionine,0.636517421,0.038948552,0.91630564,0.056068815,-0.145865715,SA2/2R,Amino acids,Methionine,2/2 R
SA,34,02-Feb,R,Aspartate,1.253095673,0.0784953,0.967661551,0.06061539,-0.06871095,SA2/2R,Amino acids,Aspartate,2/2 R
SA,34,02-Feb,R,GABA,1.612249917,0.120248578,0.928364539,0.069241446,-0.137725577,SA2/2R,Amino acids,GABA,2/2 R
SA,34,02-Feb,R,Glutamate,7.188027878,0.621471533,1.153471531,0.099728289,0.163103693,SA2/2R,Amino acids,Glutamate,2/2 R
SA,34,02-Feb,R,Phenylalanine,0.924215285,0.09375549,0.663077898,0.06726484,-0.64851797,SA2/2R,Amino acids,Phenylalanine,2/2 R
SA,34,02-Feb,R,Asparagine,13.01287458,1.411871937,1.09589259,0.118902244,0.063646936,SA2/2R,Amino acids,Asparagine,2/2 R
SA,34,02-Feb,R,Putrescine,0.155547499,0.010218125,1.417300399,0.093104378,0.480889148,SA2/2R,Amines,Putrescine,2/2 R
SA,34,02-Feb,R,Ornithine,0.632090043,0.067567705,1.208985101,0.129235304,0.207864136,SA2/2R,Amino acids,Ornithine,2/2 R
SA,34,02-Feb,R,Citric_acid,0.854070898,0.073273186,0.905357379,0.0776732,-0.181659073,SA2/2R,TCA intermediates,Citric_acid,2/2 R
SA,34,02-Feb,R,Fructose,0.639109455,0.083107799,0.348367801,0.045300661,-1.610063235,SA2/2R,Carbohydrates,Fructose,2/2 R
SA,34,02-Feb,R,Glucose,21.83926266,1.471330004,1.17483638,0.079149742,0.2089518,SA2/2R,Carbohydrates,Glucose,2/2 R
SA,34,02-Feb,R,Lysine,4.478031187,0.386949236,1.048598416,0.090609989,0.028821473,SA2/2R,Amino acids,Lysine,2/2 R
SA,34,02-Feb,R,Tyrosine,7.268690131,2.00131107,0.633921548,0.174539592,-1.001768737,SA2/2R,Amino acids,Tyrosine,2/2 R
SA,34,02-Feb,R,Mannitol,2.146668377,0.631747231,1.743430865,0.513077675,0.375411531,SA2/2R,Polyols,Mannitol,2/2 R
SA,34,02-Feb,R,Inositol,0.859713868,0.072749793,1.66252093,0.140684079,0.695790832,SA2/2R,Polyols,Inositol,2/2 R
SA,34,02-Feb,R,Sucrose,0.356928662,0.064772053,0.93699212,0.170036508,-0.298990694,SA2/2R,Carbohydrates,Sucrose,2/2 R
SA,34,02-Feb,R,Trehalose,33.69488882,2.430520052,0.957653752,0.069078627,-0.087143263,SA2/2R,Carbohydrates,Trehalose,2/2 R
MD,20,C,R,Lactic_acid,2.522936447,0.696421739,1,0.27603618,-0.362564102,MDCR,Organic acids,Lactic_acid,C R
MD,20,C,R,Alanine,7.831451811,1.223313257,1,0.156205169,-0.093686594,MDCR,Amino acids,Alanine,C R
MD,20,C,R,Valine,3.448271289,0.234374483,1,0.06796869,-0.016507112,MDCR,Amino acids,Valine,C R
MD,20,C,R,Leucine,1.490976767,0.154489372,1,0.103616217,-0.042627035,MDCR,Amino acids,Leucine,C R
MD,20,C,R,Phosphoric_acid,11.66818845,1.138436881,1,0.097567578,-0.033572168,MDCR,Phosphorylated compounds,Phosphoric_acid,C R
MD,20,C,R,Glycerol,0.710995475,0.072537498,1,0.102022447,-0.038803845,MDCR,Polyols,Glycerol,C R
MD,20,C,R,Isoleucine,2.504904384,0.107127631,1,0.042767154,-0.006524882,MDCR,Amino acids,Isoleucine,C R
MD,20,C,R,Proline,5.387111193,0.377720077,1,0.070115515,-0.017200981,MDCR,Amino acids,Proline,C R
MD,20,C,R,Glycine,1.187033996,0.177275632,1,0.149343349,-0.079951707,MDCR,Amino acids,Glycine,C R
MD,20,C,R,Succinic_acid,0.838455436,0.128377626,1,0.153112044,-0.100389162,MDCR,TCA intermediates,Succinic_acid,C R
MD,20,C,R,Fumaric_acid,0.612888344,0.143191517,1,0.233633937,-0.189153462,MDCR,TCA intermediates,Fumaric_acid,C R
MD,20,C,R,Pipecolic_acid,0.260824641,0.037726902,1,0.144644702,-0.090830203,MDCR,Amino acids,Pipecolic_acid,C R
MD,20,C,R,Serine,1.998938008,0.239917282,1,0.120022372,-0.052878589,MDCR,Amino acids,Serine,C R
MD,20,C,R,Threonine,2.469811976,0.244138861,1,0.098849169,-0.036175192,MDCR,Amino acids,Threonine,C R
MD,20,C,R,Malic_acid,1.631151399,0.170803328,1,0.10471335,-0.036081514,MDCR,TCA intermediates,Malic_acid,C R
MD,20,C,R,Methionine,1.003934807,0.144563305,1,0.143996706,-0.089398592,MDCR,Amino acids,Methionine,C R
MD,20,C,R,Aspartate,0.649840004,0.117435021,1,0.180713745,-0.114566936,MDCR,Amino acids,Aspartate,C R
MD,20,C,R,GABA,1.555704815,0.161576661,1,0.103860745,-0.036888655,MDCR,Amino acids,GABA,C R
MD,20,C,R,Glutamate,6.254567887,0.524603737,1,0.083875297,-0.025999989,MDCR,Amino acids,Glutamate,C R
MD,20,C,R,Phenylalanine,1.807051134,0.084406831,1,0.046709708,-0.008175043,MDCR,Amino acids,Phenylalanine,C R
MD,20,C,R,Asparagine,9.275312985,1.254229773,1,0.135222367,-0.056728411,MDCR,Amino acids,Asparagine,C R
MD,20,C,R,Putrescine,0.940517776,0.110460374,1,0.117446344,-0.053993496,MDCR,Amines,Putrescine,C R
MD,20,C,R,Ornithine,1.057990678,0.129417491,1,0.122323848,-0.062590229,MDCR,Amino acids,Ornithine,C R
MD,20,C,R,Citric_acid,1.37416644,0.080002287,1,0.058218775,-0.013829477,MDCR,TCA intermediates,Citric_acid,C R
MD,20,C,R,Fructose,1.910291129,0.067833785,1,0.035509658,-0.004506497,MDCR,Carbohydrates,Fructose,C R
MD,20,C,R,Glucose,57.15472776,9.339520907,1,0.16340767,-0.122207945,MDCR,Carbohydrates,Glucose,C R
MD,20,C,R,Lysine,7.438402692,0.771307661,1,0.103692646,-0.043035561,MDCR,Amino acids,Lysine,C R
MD,20,C,R,Tyrosine,8.468395724,2.132027086,1,0.251762808,-0.220404746,MDCR,Amino acids,Tyrosine,C R
MD,20,C,R,Mannitol,2.947261319,0.313489058,1,0.106366224,-0.044788024,MDCR,Polyols,Mannitol,C R
MD,20,C,R,Inositol,0.499272143,0.107167583,1,0.214647632,-0.262333313,MDCR,Polyols,Inositol,C R
MD,20,C,R,Sucrose,0.891277952,0.047906638,1,0.053750502,-0.009589697,MDCR,Carbohydrates,Sucrose,C R
MD,20,C,R,Trehalose,21.18795262,2.359838949,1,0.11137645,-0.048234894,MDCR,Carbohydrates,Trehalose,C R
MD,34,F,D,Lactic_acid,1.886482341,0.387379467,0.747732803,0.153543094,-0.678840086,MDFD,Organic acids,Lactic_acid,F D
MD,34,F,D,Alanine,7.498433606,0.639196974,0.957476824,0.081619218,-0.093522775,MDFD,Amino acids,Alanine,F D
MD,34,F,D,Valine,2.284346627,0.135386662,0.6624614,0.039262184,-0.610350964,MDFD,Amino acids,Valine,F D
MD,34,F,D,Leucine,1.088972145,0.086732795,0.730374992,0.058171795,-0.484585703,MDFD,Amino acids,Leucine,F D
MD,34,F,D,Phosphoric_acid,12.43356403,1.436963657,1.065595065,0.12315225,0.022293384,MDFD,Phosphorylated compounds,Phosphoric_acid,F D
MD,34,F,D,Glycerol,0.269523477,0.03952557,0.379079033,0.055591872,-1.683096826,MDFD,Polyols,Glycerol,F D
MD,34,F,D,Isoleucine,1.291954851,0.058878491,0.515770127,0.023505285,-0.965625328,MDFD,Amino acids,Isoleucine,F D
MD,34,F,D,Proline,5.106351985,0.398288439,0.947883161,0.073933584,-0.106385188,MDFD,Amino acids,Proline,F D
MD,34,F,D,Glycine,1.630974809,0.146198738,1.373991659,0.123163059,0.415191762,MDFD,Amino acids,Glycine,F D
MD,34,F,D,Succinic_acid,0.993445235,0.110432907,1.184851565,0.13170993,0.183360316,MDFD,TCA intermediates,Succinic_acid,F D
MD,34,F,D,Fumaric_acid,0.839920452,0.174505861,1.370429801,0.284727003,0.256539451,MDFD,TCA intermediates,Fumaric_acid,F D
MD,34,F,D,Pipecolic_acid,0.457051354,0.059692943,1.752331962,0.228862362,0.726107736,MDFD,Amino acids,Pipecolic_acid,F D
MD,34,F,D,Serine,1.763543536,0.125086888,0.882240234,0.062576672,-0.208588698,MDFD,Amino acids,Serine,F D
MD,34,F,D,Threonine,1.830203953,0.147082672,0.74102967,0.059552174,-0.463458525,MDFD,Amino acids,Threonine,F D
MD,34,F,D,Malic_acid,2.46096067,0.18209375,1.508726089,0.1116351,0.567416871,MDFD,TCA intermediates,Malic_acid,F D
MD,34,F,D,Methionine,0.927644568,0.09316834,0.924008772,0.092803177,-0.172568523,MDFD,Amino acids,Methionine,F D
MD,34,F,D,Aspartate,0.777663481,0.088162883,1.196699919,0.135668599,0.191515613,MDFD,Amino acids,Aspartate,F D
MD,34,F,D,GABA,2.227579487,0.226802657,1.431877993,0.145787719,0.464810252,MDFD,Amino acids,GABA,F D
MD,34,F,D,Glutamate,6.143946789,0.736347555,0.982313551,0.117729565,-0.10394084,MDFD,Amino acids,Glutamate,F D
MD,34,F,D,Phenylalanine,1.096729864,0.133249955,0.606916895,0.073738896,-0.796051725,MDFD,Amino acids,Phenylalanine,F D
MD,34,F,D,Asparagine,6.004529427,0.792479618,0.647366772,0.085439663,-0.725845663,MDFD,Amino acids,Asparagine,F D
MD,34,F,D,Putrescine,0.42419103,0.082240907,0.451018621,0.087442161,-1.453804222,MDFD,Amines,Putrescine,F D
MD,34,F,D,Ornithine,1.05338044,0.132297159,0.995642458,0.125045675,-0.09861487,MDFD,Amino acids,Ornithine,F D
MD,34,F,D,Citric_acid,1.727061172,0.103666762,1.256806397,0.075439742,0.312467939,MDFD,TCA intermediates,Citric_acid,F D
MD,34,F,D,Fructose,3.074445354,0.307658126,1.609411941,0.161053005,0.634741271,MDFD,Carbohydrates,Fructose,F D
MD,34,F,D,Glucose,38.56904618,5.797300525,0.674818124,0.101431688,-0.688320368,MDFD,Carbohydrates,Glucose,F D
MD,34,F,D,Lysine,8.46445644,1.141087465,1.137940065,0.153404906,0.082750831,MDFD,Amino acids,Lysine,F D
MD,34,F,D,Tyrosine,6.747176183,1.54489735,0.796747861,0.182430935,-0.560107314,MDFD,Amino acids,Tyrosine,F D
MD,34,F,D,Mannitol,33.30571784,2.60534788,11.30056491,0.883989439,3.465525294,MDFD,Polyols,Mannitol,F D
MD,34,F,D,Inositol,0.905389601,0.062080868,1.813419021,0.124342743,0.830917349,MDFD,Polyols,Inositol,F D
MD,34,F,D,Sucrose,0.591725771,0.088817296,0.663907112,0.099651625,-0.758602138,MDFD,Carbohydrates,Sucrose,F D
MD,34,F,D,Trehalose,15.51430829,0.874056888,0.732223097,0.041252541,-0.464829202,MDFD,Carbohydrates,Trehalose,F D
MD,34,F,R,Lactic_acid,0.761832909,0.213830794,0.301962782,0.084754729,-2.092993465,MDFR,Organic acids,Lactic_acid,F R
MD,34,F,R,Alanine,7.41713342,0.585389279,0.947095583,0.0747485,-0.109563632,MDFR,Amino acids,Alanine,F R
MD,34,F,R,Valine,3.445157758,0.299308074,0.999097075,0.086799457,-0.03756059,MDFR,Amino acids,Valine,F R
MD,34,F,R,Leucine,1.029687239,0.101117371,0.690612531,0.067819549,-0.586660837,MDFR,Amino acids,Leucine,F R
MD,34,F,R,Phosphoric_acid,12.32646229,1.352547005,1.056416113,0.11591748,0.017974033,MDFR,Phosphorylated compounds,Phosphoric_acid,F R
MD,34,F,R,Glycerol,0.365625139,0.036818959,0.514243974,0.051785082,-1.018314147,MDFR,Polyols,Glycerol,F R
MD,34,F,R,Isoleucine,1.835891163,0.159127306,0.732918659,0.063526299,-0.488153225,MDFR,Amino acids,Isoleucine,F R
MD,34,F,R,Proline,8.223532594,0.481446487,1.526519929,0.089370067,0.591868661,MDFR,Amino acids,Proline,F R
MD,34,F,R,Glycine,1.371984368,0.04954477,1.155808825,0.041738291,0.202523706,MDFR,Amino acids,Glycine,F R
MD,34,F,R,Succinic_acid,1.001015031,0.123696988,1.193879828,0.147529591,0.169985185,MDFR,TCA intermediates,Succinic_acid,F R
MD,34,F,R,Fumaric_acid,0.74339297,0.203898059,1.212933771,0.332683858,-0.074986083,MDFR,TCA intermediates,Fumaric_acid,F R
MD,34,F,R,Pipecolic_acid,0.415510304,0.060703891,1.593063842,0.232738329,0.543819738,MDFR,Amino acids,Pipecolic_acid,F R
MD,34,F,R,Serine,2.101232579,0.137970968,1.051174459,0.069022134,0.050455196,MDFR,Amino acids,Serine,F R
MD,34,F,R,Threonine,2.775906784,0.31494726,1.123934458,0.127518719,0.105403893,MDFR,Amino acids,Threonine,F R
MD,34,F,R,Malic_acid,1.896084234,0.158687166,1.162420751,0.097285369,0.177653445,MDFR,TCA intermediates,Malic_acid,F R
MD,34,F,R,Methionine,1.178304366,0.170916132,1.173686138,0.170246246,0.074469672,MDFR,Amino acids,Methionine,F R
MD,34,F,R,Aspartate,0.581602247,0.119848936,0.894992987,0.184428376,-0.375087659,MDFR,Amino acids,Aspartate,F R
MD,34,F,R,GABA,1.866043131,0.086266857,1.199484062,0.055451944,0.251579121,MDFR,Amino acids,GABA,F R
MD,34,F,R,Glutamate,5.987005893,0.456041834,0.957221346,0.072913404,-0.092570751,MDFR,Amino acids,Glutamate,F R
MD,34,F,R,Phenylalanine,2.167384124,0.182103018,1.19940387,0.100773583,0.220417025,MDFR,Amino acids,Phenylalanine,F R
MD,34,F,R,Asparagine,12.19128852,1.010440493,1.314380284,0.108938695,0.35464697,MDFR,Amino acids,Asparagine,F R
MD,34,F,R,Putrescine,0.586244798,0.062809712,0.623321338,0.066782057,-0.750142125,MDFR,Amines,Putrescine,F R
MD,34,F,R,Ornithine,1.204561957,0.134373137,1.138537402,0.127007865,0.123377718,MDFR,Amino acids,Ornithine,F R
MD,34,F,R,Citric_acid,1.230276331,0.121687728,0.89528917,0.088553849,-0.214592256,MDFR,TCA intermediates,Citric_acid,F R
MD,34,F,R,Fructose,1.527557014,0.104321208,0.799646185,0.054610109,-0.349318141,MDFR,Carbohydrates,Fructose,F R
MD,34,F,R,Glucose,51.75499763,3.297524799,0.905524349,0.057694699,-0.164194187,MDFR,Carbohydrates,Glucose,F R
MD,34,F,R,Lysine,4.452945461,0.479988792,0.598642699,0.064528476,-0.793397984,MDFR,Amino acids,Lysine,F R
MD,34,F,R,Tyrosine,10.87100607,2.29306286,1.283714936,0.270778898,0.156054029,MDFR,Amino acids,Tyrosine,F R
MD,34,F,R,Mannitol,5.006915597,0.351703452,1.698836667,0.119332293,0.737520813,MDFR,Polyols,Mannitol,F R
MD,34,F,R,Inositol,0.772651765,0.100679075,1.547556329,0.201651697,0.529756962,MDFR,Polyols,Inositol,F R
MD,34,F,R,Sucrose,0.836693955,0.119488494,0.938757604,0.134064231,-0.220236608,MDFR,Carbohydrates,Sucrose,F R
MD,34,F,R,Trehalose,21.58750795,0.824384297,1.018857666,0.038908162,0.018826321,MDFR,Carbohydrates,Trehalose,F R
RP,20,C,D,Lactic_acid,0.428430728,0.097656968,1,0.227941091,-0.326087839,RPCD,Organic acids,Lactic_acid,C D
RP,20,C,D,Alanine,3.915358263,0.305648748,1,0.078064056,-0.035812811,RPCD,Amino acids,Alanine,C D
RP,20,C,D,Valine,1.057763311,0.070870694,1,0.067000522,-0.021764973,RPCD,Amino acids,Valine,C D
RP,20,C,D,Leucine,0.805038731,0.061540294,1,0.076443893,-0.030906536,RPCD,Amino acids,Leucine,C D
RP,20,C,D,Phosphoric_acid,13.30511015,0.777206318,1,0.058414121,-0.018798274,RPCD,Phosphorylated compounds,Phosphoric_acid,C D
RP,20,C,D,Glycerol,0.260316462,0.020046438,1,0.077007955,-0.031286209,RPCD,Polyols,Glycerol,C D
RP,20,C,D,Isoleucine,0.781313631,0.060213356,1,0.077066819,-0.029633286,RPCD,Amino acids,Isoleucine,C D
RP,20,C,D,Proline,2.266038448,0.193157355,1,0.085240105,-0.034121122,RPCD,Amino acids,Proline,C D
RP,20,C,D,Glycine,0.711807791,0.064240249,1,0.090249432,-0.040400436,RPCD,Amino acids,Glycine,C D
RP,20,C,D,Succinic_acid,0.511711384,0.074354794,1,0.145306117,-0.094328833,RPCD,TCA intermediates,Succinic_acid,C D
RP,20,C,D,Fumaric_acid,0.368608644,0.121973192,1,0.330901605,-0.534860593,RPCD,TCA intermediates,Fumaric_acid,C D
RP,20,C,D,Pipecolic_acid,0.24985007,0.033739821,1,0.135040269,-0.098382046,RPCD,Amino acids,Pipecolic_acid,C D
RP,20,C,D,Serine,1.099890297,0.072790753,1,0.066180012,-0.024698043,RPCD,Amino acids,Serine,C D
RP,20,C,D,Threonine,1.083036973,0.058066502,1,0.053614515,-0.015397941,RPCD,Amino acids,Threonine,C D
RP,20,C,D,Malic_acid,0.743310656,0.086273356,1,0.116066351,-0.064501626,RPCD,TCA intermediates,Malic_acid,C D
RP,20,C,D,Methionine,0.471009659,0.081135705,1,0.17225911,-0.192210098,RPCD,Amino acids,Methionine,C D
RP,20,C,D,Aspartate,0.964137715,0.139412067,1,0.14459767,-0.142088802,RPCD,Amino acids,Aspartate,C D
RP,20,C,D,GABA,1.349533819,0.087987043,1,0.065198102,-0.022747905,RPCD,Amino acids,GABA,C D
RP,20,C,D,Glutamate,5.697919933,0.510182523,1,0.089538381,-0.039263378,RPCD,Amino acids,Glutamate,C D
RP,20,C,D,Phenylalanine,0.670655646,0.087651862,1,0.130695778,-0.077491026,RPCD,Amino acids,Phenylalanine,C D
RP,20,C,D,Asparagine,6.023121386,0.357727111,1,0.059392313,-0.017691609,RPCD,Amino acids,Asparagine,C D
RP,20,C,D,Putrescine,0.408299861,0.03729617,1,0.091345048,-0.042930249,RPCD,Amines,Putrescine,C D
RP,20,C,D,Ornithine,0.487564306,0.113417099,1,0.232619775,-0.260984038,RPCD,Amino acids,Ornithine,C D
RP,20,C,D,Citric_acid,0.937420601,0.059619678,1,0.063599709,-0.020588495,RPCD,TCA intermediates,Citric_acid,C D
RP,20,C,D,Fructose,0.369434892,0.052027272,1,0.140829341,-0.107142822,RPCD,Carbohydrates,Fructose,C D
RP,20,C,D,Glucose,32.31730437,2.752172496,1,0.085160955,-0.038383868,RPCD,Carbohydrates,Glucose,C D
RP,20,C,D,Lysine,4.110393913,0.470096137,1,0.114367661,-0.081217276,RPCD,Amino acids,Lysine,C D
RP,20,C,D,Tyrosine,8.121406498,2.04828802,1,0.252208533,-0.300661501,RPCD,Amino acids,Tyrosine,C D
RP,20,C,D,Mannitol,1.013461324,0.302505975,1,0.298487933,-0.332522822,RPCD,Polyols,Mannitol,C D
RP,20,C,D,Inositol,0.913961511,0.083403276,1,0.091254691,-0.048820844,RPCD,Polyols,Inositol,C D
RP,20,C,D,Sucrose,0.308725035,0.06092608,1,0.197347391,-0.253528791,RPCD,Carbohydrates,Sucrose,C D
RP,20,C,D,Trehalose,40.32027779,2.726093027,1,0.067610968,-0.023373596,RPCD,Carbohydrates,Trehalose,C D
RP,34,F,D,Lactic_acid,0.700428265,0.112962195,1.634869348,0.263665017,0.528524498,RPFD,Organic acids,Lactic_acid,F D
RP,34,F,D,Alanine,4.913227829,0.162708611,1.254860347,0.041556507,0.322039918,RPFD,Amino acids,Alanine,F D
RP,34,F,D,Valine,1.515545635,0.055413437,1.432783326,0.052387369,0.511782589,RPFD,Amino acids,Valine,F D
RP,34,F,D,Leucine,1.207413597,0.063874184,1.499820505,0.079342995,0.571897987,RPFD,Amino acids,Leucine,F D
RP,34,F,D,Phosphoric_acid,13.51469169,0.797609394,1.015751959,0.059947598,0.003094768,RPFD,Phosphorylated compounds,Phosphoric_acid,F D
RP,34,F,D,Glycerol,1.015288167,0.153108694,3.900207313,0.588163705,1.667147905,RPFD,Polyols,Glycerol,F D
RP,34,F,D,Isoleucine,1.081211075,0.046034913,1.383837466,0.058919889,0.459402116,RPFD,Amino acids,Isoleucine,F D
RP,34,F,D,Proline,3.352101694,0.076025671,1.479278385,0.033550036,0.562250807,RPFD,Amino acids,Proline,F D
RP,34,F,D,Glycine,1.145573738,0.108265842,1.609386344,0.152099827,0.647486139,RPFD,Amino acids,Glycine,F D
RP,34,F,D,Succinic_acid,0.428706955,0.043281658,0.837790536,0.084582167,-0.300855728,RPFD,TCA intermediates,Succinic_acid,F D
RP,34,F,D,Fumaric_acid,0.333138918,0.076811273,0.903774026,0.208381638,-0.39400262,RPFD,TCA intermediates,Fumaric_acid,F D
RP,34,F,D,Pipecolic_acid,0.249892226,0.01764366,1.000168726,0.070616992,-0.025001018,RPFD,Amino acids,Pipecolic_acid,F D
RP,34,F,D,Serine,1.758446103,0.09007403,1.59874681,0.081893649,0.664308375,RPFD,Amino acids,Serine,F D
RP,34,F,D,Threonine,1.431189157,0.039855775,1.321459187,0.036800013,0.398157257,RPFD,Amino acids,Threonine,F D
RP,34,F,D,Malic_acid,0.797306609,0.051271982,1.072642511,0.068977865,0.079301193,RPFD,TCA intermediates,Malic_acid,F D
RP,34,F,D,Methionine,0.544184781,0.052512413,1.155358006,0.111489035,0.160770884,RPFD,Amino acids,Methionine,F D
RP,34,F,D,Aspartate,1.239508332,0.112283057,1.285613365,0.116459564,0.322258993,RPFD,Amino acids,Aspartate,F D
RP,34,F,D,GABA,2.003318952,0.183200134,1.484452575,0.13575068,0.528179859,RPFD,Amino acids,GABA,F D
RP,34,F,D,Glutamate,7.425613101,0.671872075,1.303214715,0.117915324,0.340759174,RPFD,Amino acids,Glutamate,F D
RP,34,F,D,Phenylalanine,0.735726066,0.047895367,1.097025083,0.071415736,0.112650271,RPFD,Amino acids,Phenylalanine,F D
RP,34,F,D,Asparagine,5.711341146,0.440132741,0.948236102,0.073073862,-0.104842685,RPFD,Amino acids,Asparagine,F D
RP,34,F,D,Putrescine,0.556971184,0.115767114,1.364122883,0.283534541,0.276971609,RPFD,Amines,Putrescine,F D
RP,34,F,D,Ornithine,0.560106029,0.097632814,1.148783907,0.200246023,0.0051148,RPFD,Amino acids,Ornithine,F D
RP,34,F,D,Citric_acid,0.950246233,0.057412515,1.013681833,0.061245203,-0.001157125,RPFD,TCA intermediates,Citric_acid,F D
RP,34,F,D,Fructose,1.369462119,0.091600176,3.706910606,0.247946736,1.865743519,RPFD,Carbohydrates,Fructose,F D
RP,34,F,D,Glucose,23.24653197,1.537359882,0.719321504,0.047570796,-0.498206971,RPFD,Carbohydrates,Glucose,F D
RP,34,F,D,Lysine,5.89365885,0.564214041,1.433842832,0.1372652,0.472656325,RPFD,Amino acids,Lysine,F D
RP,34,F,D,Tyrosine,10.3754614,2.402455192,1.277544893,0.295817626,0.04239728,RPFD,Amino acids,Tyrosine,F D
RP,34,F,D,Mannitol,21.05063508,2.077733315,20.77102953,2.050135773,4.332693957,RPFD,Polyols,Mannitol,F D
RP,34,F,D,Inositol,1.218034782,0.126226905,1.332698114,0.13810965,0.368976399,RPFD,Polyols,Inositol,F D
RP,34,F,D,Sucrose,0.250625629,0.042468888,0.81180857,0.137562177,-0.634150597,RPFD,Carbohydrates,Sucrose,F D
RP,34,F,D,Trehalose,44.28973968,4.444144982,1.098448277,0.11022109,0.088576922,RPFD,Carbohydrates,Trehalose,F D
RP,34,F,R,Lactic_acid,0.649438111,0.103799743,1.51585325,0.24227894,0.424506255,RPFR,Organic acids,Lactic_acid,F R
RP,34,F,R,Alanine,3.033539292,0.196479853,0.774779493,0.050181833,-0.395254117,RPFR,Amino acids,Alanine,F R
RP,34,F,R,Valine,1.613616303,0.178450491,1.52549846,0.168705503,0.547701249,RPFR,Amino acids,Valine,F R
RP,34,F,R,Leucine,0.624177187,0.058946013,0.775338083,0.073221338,-0.414048875,RPFR,Amino acids,Leucine,F R
RP,34,F,R,Phosphoric_acid,13.58486467,0.890678747,1.021026096,0.066942606,0.007750842,RPFR,Phosphorylated compounds,Phosphoric_acid,F R
RP,34,F,R,Glycerol,0.346126267,0.014488463,1.329636492,0.055657114,0.401899285,RPFR,Polyols,Glycerol,F R
RP,34,F,R,Isoleucine,0.860148854,0.119419216,1.100900867,0.152844148,0.04082006,RPFR,Amino acids,Isoleucine,F R
RP,34,F,R,Proline,2.883168262,0.193748725,1.272338634,0.085501076,0.318349545,RPFR,Amino acids,Proline,F R
RP,34,F,R,Glycine,0.885272976,0.055049222,1.243696666,0.077337201,0.294014449,RPFR,Amino acids,Glycine,F R
RP,34,F,R,Succinic_acid,0.473341618,0.048624665,0.925016782,0.095023614,-0.170299425,RPFR,TCA intermediates,Succinic_acid,F R
RP,34,F,R,Fumaric_acid,0.261795154,0.07220062,0.710225216,0.195873376,-1.093311423,RPFR,TCA intermediates,Fumaric_acid,F R
RP,34,F,R,Pipecolic_acid,0.202174363,0.015344158,0.809182737,0.061413463,-0.335624049,RPFR,Amino acids,Pipecolic_acid,F R
RP,34,F,R,Serine,1.226845929,0.087846622,1.115425722,0.07986853,0.128314348,RPFR,Amino acids,Serine,F R
RP,34,F,R,Threonine,0.885117277,0.057845579,0.817254904,0.05341053,-0.312778953,RPFR,Amino acids,Threonine,F R
RP,34,F,R,Malic_acid,0.717668079,0.094009986,0.965502207,0.126474692,-0.15482877,RPFR,TCA intermediates,Malic_acid,F R
RP,34,F,R,Methionine,0.341813553,0.052093229,0.725703913,0.110599067,-0.641435399,RPFR,Amino acids,Methionine,F R
RP,34,F,R,Aspartate,0.998189069,0.098137792,1.035317936,0.101788147,-0.002475773,RPFR,Amino acids,Aspartate,F R
RP,34,F,R,GABA,1.381373661,0.183401302,1.023593215,0.135899745,-0.043002554,RPFR,Amino acids,GABA,F R
RP,34,F,R,Glutamate,5.797287785,0.572928004,1.017439321,0.100550378,-0.021629437,RPFR,Amino acids,Glutamate,F R
RP,34,F,R,Phenylalanine,0.671368397,0.07483987,1.001062766,0.111592097,-0.069314559,RPFR,Amino acids,Phenylalanine,F R
RP,34,F,R,Asparagine,7.073271097,0.575448455,1.174353071,0.095539907,0.190074178,RPFR,Amino acids,Asparagine,F R
RP,34,F,R,Putrescine,0.391786071,0.033619537,0.959554751,0.082340311,-0.097695937,RPFR,Amines,Putrescine,F R
RP,34,F,R,Ornithine,0.569519657,0.05363269,1.168091367,0.110001263,0.175137055,RPFR,Amino acids,Ornithine,F R
RP,34,F,R,Citric_acid,0.940149059,0.1646268,1.002910602,0.175616793,-0.108902829,RPFR,TCA intermediates,Citric_acid,F R
RP,34,F,R,Fructose,0.340970127,0.04512101,0.922950523,0.122135216,-0.222068816,RPFR,Carbohydrates,Fructose,F R
RP,34,F,R,Glucose,32.81298771,4.203700764,1.015338016,0.130075848,-0.061433122,RPFR,Carbohydrates,Glucose,F R
RP,34,F,R,Lysine,2.320373045,0.157442788,0.564513546,0.038303577,-0.846642577,RPFR,Amino acids,Lysine,F R
RP,34,F,R,Tyrosine,11.14981495,2.876994163,1.372892115,0.354248265,0.142210588,RPFR,Amino acids,Tyrosine,F R
RP,34,F,R,Mannitol,2.928677128,0.56308109,2.889776905,0.555601952,1.344924139,RPFR,Polyols,Mannitol,F R
RP,34,F,R,Inositol,1.122992953,0.077603015,1.228709239,0.084908406,0.274298679,RPFR,Polyols,Inositol,F R
RP,34,F,R,Sucrose,0.200769654,0.043131021,0.650318667,0.139706911,-1.126021262,RPFR,Carbohydrates,Sucrose,F R
RP,34,F,R,Trehalose,39.18641717,5.344421789,0.971878651,0.13254923,-0.152229188,RPFR,Carbohydrates,Trehalose,F R
SA,20,C,R,Lactic_acid,0.441132094,0.085815302,1,0.194534252,-0.35837229,SACR,Organic acids,Lactic_acid,C R
SA,20,C,R,Alanine,2.919152083,0.202934296,1,0.069518233,-0.023609186,SACR,Amino acids,Alanine,C R
SA,20,C,R,Valine,3.750591676,0.249803906,1,0.066603866,-0.027369438,SACR,Amino acids,Valine,C R
SA,20,C,R,Leucine,1.207716031,0.132096933,1,0.109377477,-0.070560982,SACR,Amino acids,Leucine,C R
SA,20,C,R,Phosphoric_acid,12.43853338,0.929296873,1,0.074711129,-0.029505269,SACR,Phosphorylated compounds,Phosphoric_acid,C R
SA,20,C,R,Glycerol,0.303614513,0.014051553,1,0.046280899,-0.011524623,SACR,Polyols,Glycerol,C R
SA,20,C,R,Isoleucine,2.402448603,0.228297417,1,0.095026972,-0.065021776,SACR,Amino acids,Isoleucine,C R
SA,20,C,R,Proline,3.505562931,0.188097142,1,0.053656758,-0.016389586,SACR,Amino acids,Proline,C R
SA,20,C,R,Glycine,0.963670171,0.085079211,1,0.08828665,-0.036678936,SACR,Amino acids,Glycine,C R
SA,20,C,R,Succinic_acid,0.432123248,0.038319092,1,0.088676303,-0.034647186,SACR,TCA intermediates,Succinic_acid,C R
SA,20,C,R,Fumaric_acid,0.374076338,0.065787381,1,0.175866193,-0.112240827,SACR,TCA intermediates,Fumaric_acid,C R
SA,20,C,R,Pipecolic_acid,0.248464641,0.024173948,1,0.097293312,-0.052709069,SACR,Amino acids,Pipecolic_acid,C R
SA,20,C,R,Serine,1.840073307,0.129506417,1,0.070381118,-0.024794362,SACR,Amino acids,Serine,C R
SA,20,C,R,Threonine,2.895344158,0.232256061,1,0.080217083,-0.038742802,SACR,Amino acids,Threonine,C R
SA,20,C,R,Malic_acid,1.280285368,0.055642051,1,0.043460663,-0.009690485,SACR,TCA intermediates,Malic_acid,C R
SA,20,C,R,Methionine,0.69465623,0.055176482,1,0.079429911,-0.032494062,SACR,Amino acids,Methionine,C R
SA,20,C,R,Aspartate,1.294973094,0.07434004,1,0.057406629,-0.018621029,SACR,Amino acids,Aspartate,C R
SA,20,C,R,GABA,1.736656076,0.141398275,1,0.081419849,-0.033146021,SACR,Amino acids,GABA,C R
SA,20,C,R,Glutamate,6.231647408,0.645451003,1,0.103576303,-0.053839207,SACR,Amino acids,Glutamate,C R
SA,20,C,R,Phenylalanine,1.393826106,0.125223107,1,0.08984127,-0.046335841,SACR,Amino acids,Phenylalanine,C R
SA,20,C,R,Asparagine,11.87422444,1.61612819,1,0.136103894,-0.085564535,SACR,Amino acids,Asparagine,C R
SA,20,C,R,Putrescine,0.109749139,0.013737613,1,0.125172858,-0.105330239,SACR,Amines,Putrescine,C R
SA,20,C,R,Ornithine,0.522826991,0.051919822,1,0.099305933,-0.042867474,SACR,Amino acids,Ornithine,C R
SA,20,C,R,Citric_acid,0.943352225,0.064388391,1,0.068254878,-0.025454757,SACR,TCA intermediates,Citric_acid,C R
SA,20,C,R,Fructose,1.83458245,0.287167177,1,0.156529992,-0.113704469,SACR,Carbohydrates,Fructose,C R
SA,20,C,R,Glucose,18.58919508,2.935212446,1,0.157898846,-0.104439999,SACR,Carbohydrates,Glucose,C R
SA,20,C,R,Lysine,4.270492038,0.323312784,1,0.075708556,-0.031244144,SACR,Amino acids,Lysine,C R
SA,20,C,R,Tyrosine,11.46622978,3.36141062,1,0.293157445,-0.32292886,SACR,Amino acids,Tyrosine,C R
SA,20,C,R,Mannitol,1.231289649,0.239538751,1,0.194542975,-0.218272244,SACR,Polyols,Mannitol,C R
SA,20,C,R,Inositol,0.517114614,0.05087371,1,0.098379951,-0.057940286,SACR,Polyols,Inositol,C R
SA,20,C,R,Sucrose,0.380930271,0.036051189,1,0.094639865,-0.046842547,SACR,Carbohydrates,Sucrose,C R
SA,20,C,R,Trehalose,35.18483454,2.118820816,1,0.060219718,-0.018344396,SACR,Carbohydrates,Trehalose,C R
SA,34,F,D,Lactic_acid,0.742016902,0.192340113,1.682074173,0.43601478,0.311511985,SAFD,Organic acids,Lactic_acid,F D
SA,34,F,D,Alanine,3.734532719,0.399904113,1.279321054,0.136993244,0.288847972,SAFD,Amino acids,Alanine,F D
SA,34,F,D,Valine,2.267271118,0.143371851,0.604510252,0.038226462,-0.747131407,SAFD,Amino acids,Valine,F D
SA,34,F,D,Leucine,0.722982052,0.064965291,0.598635799,0.05379186,-0.788894454,SAFD,Amino acids,Leucine,F D
SA,34,F,D,Phosphoric_acid,12.63111166,0.909464529,1.015482394,0.073116701,-0.006171172,SAFD,Phosphorylated compounds,Phosphoric_acid,F D
SA,34,F,D,Glycerol,0.402008854,0.070437238,1.324076542,0.231995623,0.01448045,SAFD,Polyols,Glycerol,F D
SA,34,F,D,Isoleucine,0.995787602,0.052685938,0.414488618,0.0219301,-1.285341859,SAFD,Amino acids,Isoleucine,F D
SA,34,F,D,Proline,3.731778872,0.260781631,1.064530561,0.0743908,0.063942464,SAFD,Amino acids,Proline,F D
SA,34,F,D,Glycine,1.506743449,0.101894165,1.563546838,0.105735518,0.621965831,SAFD,Amino acids,Glycine,F D
SA,34,F,D,Succinic_acid,0.481602242,0.061145999,1.114502042,0.141501294,0.07097713,SAFD,TCA intermediates,Succinic_acid,F D
SA,34,F,D,Fumaric_acid,0.605501832,0.106830469,1.618658469,0.285584674,0.556382015,SAFD,TCA intermediates,Fumaric_acid,F D
SA,34,F,D,Pipecolic_acid,0.30997393,0.030953424,1.247557513,0.124578788,0.265089898,SAFD,Amino acids,Pipecolic_acid,F D
SA,34,F,D,Serine,1.202493812,0.064105075,0.65350321,0.034838327,-0.628960826,SAFD,Amino acids,Serine,F D
SA,34,F,D,Threonine,1.639220809,0.09852381,0.5661575,0.034028359,-0.837922939,SAFD,Amino acids,Threonine,F D
SA,34,F,D,Malic_acid,1.871197252,0.130048074,1.46154701,0.101577411,0.519570478,SAFD,TCA intermediates,Malic_acid,F D
SA,34,F,D,Methionine,0.69422658,0.095941856,0.999381493,0.138114152,-0.106365746,SAFD,Amino acids,Methionine,F D
SA,34,F,D,Aspartate,1.07839567,0.071573598,0.832755271,0.055270336,-0.286364558,SAFD,Amino acids,Aspartate,F D
SA,34,F,D,GABA,2.331438314,0.173018021,1.342487062,0.099627107,0.397714174,SAFD,Amino acids,GABA,F D
SA,34,F,D,Glutamate,6.743936178,0.464277211,1.082207599,0.074503126,0.08811445,SAFD,Amino acids,Glutamate,F D
SA,34,F,D,Phenylalanine,0.62134099,0.0999166,0.445780852,0.071685126,-1.299453716,SAFD,Amino acids,Phenylalanine,F D
SA,34,F,D,Asparagine,4.507258136,0.445230151,0.37958337,0.037495514,-1.449480503,SAFD,Amino acids,Asparagine,F D
SA,34,F,D,Putrescine,0.118936113,0.019323666,1.083708851,0.176071227,-0.064705095,SAFD,Amines,Putrescine,F D
SA,34,F,D,Ornithine,0.526452876,0.096978402,1.006935152,0.185488515,-0.16470596,SAFD,Amino acids,Ornithine,F D
SA,34,F,D,Citric_acid,1.06812472,0.079593952,1.132265014,0.084373524,0.152151657,SAFD,TCA intermediates,Citric_acid,F D
SA,34,F,D,Fructose,2.202845477,0.244974937,1.200733974,0.133531713,0.20191658,SAFD,Carbohydrates,Fructose,F D
SA,34,F,D,Glucose,35.80364747,2.842703206,1.926046142,0.15292234,0.915556323,SAFD,Carbohydrates,Glucose,F D
SA,34,F,D,Lysine,8.265915001,0.771904611,1.935588435,0.180753085,0.906107957,SAFD,Amino acids,Lysine,F D
SA,34,F,D,Tyrosine,10.2131381,2.429993114,0.890714585,0.211926079,-0.415369375,SAFD,Amino acids,Tyrosine,F D
SA,34,F,D,Mannitol,21.07921201,1.452868146,17.11962091,1.179956436,4.073022547,SAFD,Polyols,Mannitol,F D
SA,34,F,D,Inositol,0.679039626,0.038350696,1.313131765,0.074162855,0.37377949,SAFD,Polyols,Inositol,F D
SA,34,F,D,Sucrose,0.320497744,0.072427893,0.841355408,0.190134254,-0.817691834,SAFD,Carbohydrates,Sucrose,F D
SA,34,F,D,Trehalose,24.71975523,1.807154683,0.702568466,0.05136175,-0.537517355,SAFD,Carbohydrates,Trehalose,F D
SA,34,F,R,Lactic_acid,0.918279191,0.13349136,2.081642219,0.302610855,0.956204103,SAFR,Organic acids,Lactic_acid,F R
SA,34,F,R,Alanine,3.261346289,0.316929537,1.117223836,0.108569039,0.115815051,SAFR,Amino acids,Alanine,F R
SA,34,F,R,Valine,4.127444077,0.563872568,1.10047812,0.150342297,0.043279075,SAFR,Amino acids,Valine,F R
SA,34,F,R,Leucine,1.076950979,0.161831685,0.891725332,0.133998126,-0.26640518,SAFR,Amino acids,Leucine,F R
SA,34,F,R,Phosphoric_acid,14.48851687,0.889371012,1.1648091,0.071501276,0.199798869,SAFR,Phosphorylated compounds,Phosphoric_acid,F R
SA,34,F,R,Glycerol,0.500178005,0.096601032,1.647411386,0.31817001,0.36403186,SAFR,Polyols,Glycerol,F R
SA,34,F,R,Isoleucine,2.329991396,0.351522216,0.969840268,0.146318309,-0.164863886,SAFR,Amino acids,Isoleucine,F R
SA,34,F,R,Proline,5.19838012,0.292978232,1.482894537,0.083575231,0.552346451,SAFR,Amino acids,Proline,F R
SA,34,F,R,Glycine,0.992739897,0.070947734,1.030165638,0.073622424,0.013844745,SAFR,Amino acids,Glycine,F R
SA,34,F,R,Succinic_acid,0.471798274,0.050335123,1.091814144,0.116483256,0.07049027,SAFR,TCA intermediates,Succinic_acid,F R
SA,34,F,R,Fumaric_acid,0.401650582,0.074981515,1.073712881,0.20044442,-0.059819854,SAFR,TCA intermediates,Fumaric_acid,F R
SA,34,F,R,Pipecolic_acid,0.274509461,0.024105033,1.104823043,0.097015951,0.099251058,SAFR,Amino acids,Pipecolic_acid,F R
SA,34,F,R,Serine,2.331281769,0.294934842,1.266950485,0.160284289,0.261859091,SAFR,Amino acids,Serine,F R
SA,34,F,R,Threonine,2.789962718,0.384059785,0.963603139,0.132647369,-0.144585712,SAFR,Amino acids,Threonine,F R
SA,34,F,R,Malic_acid,1.256051672,0.122395323,0.981071645,0.095600033,-0.077342725,SAFR,TCA intermediates,Malic_acid,F R
SA,34,F,R,Methionine,0.769750844,0.097872128,1.108103275,0.140892896,0.062753723,SAFR,Amino acids,Methionine,F R
SA,34,F,R,Aspartate,1.345683638,0.068955644,1.039159535,0.053248708,0.041470525,SAFR,Amino acids,Aspartate,F R
SA,34,F,R,GABA,1.923686223,0.169719039,1.107695559,0.09772749,0.108972945,SAFR,Amino acids,GABA,F R
SA,34,F,R,Glutamate,6.999918126,0.498125647,1.123285332,0.079934825,0.141143106,SAFR,Amino acids,Glutamate,F R
SA,34,F,R,Phenylalanine,1.484903724,0.213980183,1.065343602,0.153519999,-0.010707728,SAFR,Amino acids,Phenylalanine,F R
SA,34,F,R,Asparagine,13.96154769,1.32505744,1.17578607,0.111591072,0.184081091,SAFR,Amino acids,Asparagine,F R
SA,34,F,R,Putrescine,0.167440236,0.031869978,1.525663318,0.290389325,0.335162234,SAFR,Amines,Putrescine,F R
SA,34,F,R,Ornithine,0.491321613,0.068052454,0.939740337,0.130162473,-0.19799989,SAFR,Amino acids,Ornithine,F R
SA,34,F,R,Citric_acid,0.97689835,0.078635065,1.035560551,0.083357057,0.016366844,SAFR,TCA intermediates,Citric_acid,F R
SA,34,F,R,Fructose,1.199654095,0.270296848,0.653911245,0.14733426,-0.820821747,SAFR,Carbohydrates,Fructose,F R
SA,34,F,R,Glucose,17.92242757,2.451895542,0.964131448,0.131898962,-0.136182395,SAFR,Carbohydrates,Glucose,F R
SA,34,F,R,Lysine,4.136571285,0.544387321,0.96864044,0.127476487,-0.140115305,SAFR,Amino acids,Lysine,F R
SA,34,F,R,Tyrosine,10.03198608,2.597170227,0.874915842,0.226506034,-0.513994436,SAFR,Amino acids,Tyrosine,F R
SA,34,F,R,Mannitol,2.254369842,0.437222344,1.830901319,0.355093007,0.687779073,SAFR,Polyols,Mannitol,F R
SA,34,F,R,Inositol,0.702843407,0.066054773,1.35916369,0.127737201,0.400172485,SAFR,Polyols,Inositol,F R
SA,34,F,R,Sucrose,0.29497091,0.072296131,0.774343579,0.189788358,-0.697260839,SAFR,Carbohydrates,Sucrose,F R
SA,34,F,R,Trehalose,37.84905827,4.079781242,1.075720797,0.115952833,0.051733197,SAFR,Carbohydrates,Trehalose,F R
